player_id,player_name,team_id,team_name,season,league,level,position,age,games,games_started,wins,losses,innings_pitched,hits_allowed,runs_allowed,earned_runs,home_runs_allowed,walks,strikeouts,era,whip,strikeouts_per_9,walks_per_9,hits_per_9,strikeout_walk_ratio,saves,holds,ip_decimal,hr_per_9
692391,Antoni Cuello,279,Palm Beach Cardinals,2025,FSL,A,P,22,1,0,0,0,2.2,3,0,0,0,1,2,0.00,1.50,6.75,3.38,10.13,2.00,0,0,2.6666666666666665,0.0
815119,Tanner Franklin,279,Palm Beach Cardinals,2025,FSL,A,P,21,1,1,0,0,2.0,1,0,0,0,1,4,0.00,1.00,18.00,4.50,4.50,4.00,0,0,2.0,0.0
693311,Tink Hence,279,Palm Beach Cardinals,2025,FSL,A,P,22,3,3,0,0,6.0,4,0,0,0,3,8,0.00,1.17,12.00,4.50,6.00,2.67,0,0,6.0,0.0
692397,Maikel Hernandez,279,Palm Beach Cardinals,2025,FSL,A,C,22,1,0,0,0,0.2,0,0,0,0,0,0,0.00,0.00,0.00,0.00,0.00,-.--,0,0,0.6666666666666666,0.0
813820,Chen-Wei Lin,279,Palm Beach Cardinals,2025,FSL,A,P,23,1,1,0,0,2.0,0,0,0,0,1,4,0.00,0.50,18.00,4.50,0.00,4.00,0,0,2.0,0.0
687273,Quinn Mathews,279,Palm Beach Cardinals,2025,FSL,A,P,24,1,1,0,0,3.0,2,0,0,0,0,4,0.00,0.67,12.00,0.00,6.00,-.--,0,0,3.0,0.0
680723,Drew Rom,279,Palm Beach Cardinals,2025,FSL,A,P,25,3,3,0,1,9.0,6,2,1,0,0,13,1.00,0.67,13.00,0.00,6.00,-.--,0,0,9.0,0.0
694058,Bruno López,279,Palm Beach Cardinals,2025,FSL,A,P,23,4,0,0,0,6.0,2,1,1,1,0,10,1.50,0.33,15.00,0.00,3.00,-.--,1,0,6.0,1.5
691013,Jason Savacool,279,Palm Beach Cardinals,2025,FSL,A,P,23,11,10,4,2,56.0,37,14,10,2,16,46,1.61,0.95,7.39,2.57,5.95,2.88,0,0,56.0,0.3214285714285714
683165,Joseph King,279,Palm Beach Cardinals,2025,FSL,A,P,24,4,0,2,0,5.1,1,1,1,1,0,8,1.69,0.19,13.50,0.00,1.69,-.--,0,1,5.333333333333333,1.6875
695835,Edwin Núñez,279,Palm Beach Cardinals,2025,FSL,A,P,23,5,0,0,0,4.2,6,1,1,0,2,3,1.93,1.71,5.79,3.86,11.57,1.50,0,0,4.666666666666667,0.0
701569,Aaron Holiday,279,Palm Beach Cardinals,2025,FSL,A,P,25,8,0,1,0,13.0,7,4,3,1,8,16,2.08,1.15,11.08,5.54,4.85,2.00,0,1,13.0,0.6923076923076923
808138,Keiverson Ramírez,279,Palm Beach Cardinals,2025,FSL,A,P,19,3,1,2,0,11.0,10,3,3,0,6,4,2.45,1.45,3.27,4.91,8.18,0.67,0,0,11.0,0.0
814085,Alan Reyes,279,Palm Beach Cardinals,2025,FSL,A,P,21,13,0,2,0,21.2,23,9,6,2,7,26,2.49,1.38,10.80,2.91,9.55,3.71,0,2,21.666666666666668,0.8307692307692307
702254,Andrew Dutkanych IV,279,Palm Beach Cardinals,2025,FSL,A,P,21,6,6,0,0,14.1,9,4,4,2,10,21,2.51,1.33,13.19,6.28,5.65,2.10,0,0,14.333333333333334,1.255813953488372
822472,Domenic Picone,279,Palm Beach Cardinals,2025,FSL,A,P,24,5,0,2,0,10.2,4,3,3,0,4,12,2.53,0.75,10.13,3.38,3.38,3.00,1,0,10.666666666666666,0.0
807549,Ty Van Dyke,279,Palm Beach Cardinals,2025,FSL,A,P,21,5,5,0,0,14.0,11,4,4,1,3,12,2.57,1.00,7.71,1.93,7.07,4.00,0,0,14.0,0.6428571428571428
808088,Bernard Mack,279,Palm Beach Cardinals,2025,FSL,A,P,19,4,2,2,1,13.2,8,4,4,1,14,17,2.63,1.61,11.20,9.22,5.27,1.21,0,0,13.666666666666666,0.6585365853658538
701374,Zack Showalter,279,Palm Beach Cardinals,2025,FSL,A,P,21,7,0,2,1,10.0,4,3,3,0,11,6,2.70,1.50,5.40,9.90,3.60,0.55,0,1,10.0,0.0
822410,Bobby Olsen,279,Palm Beach Cardinals,2025,FSL,A,P,23,5,0,2,0,15.0,10,5,5,0,3,16,3.00,0.87,9.60,1.80,6.00,5.33,0,0,15.0,0.0
801078,Braden Davis,279,Palm Beach Cardinals,2025,FSL,A,P,22,17,14,2,1,73.2,43,28,26,4,52,103,3.18,1.29,12.58,6.35,5.25,1.98,0,0,73.66666666666667,0.4886877828054298
826314,Mason Burns,279,Palm Beach Cardinals,2025,FSL,A,P,23,21,0,2,0,28.1,20,13,11,3,19,43,3.49,1.38,13.66,6.04,6.35,2.26,3,1,28.333333333333332,0.9529411764705882
825576,Brandt Thompson,279,Palm Beach Cardinals,2025,FSL,A,P,22,16,15,2,6,79.2,71,39,34,15,17,64,3.84,1.10,7.23,1.92,8.02,3.76,0,0,79.66666666666667,1.6945606694560669
802371,Christian Worley,279,Palm Beach Cardinals,2025,FSL,A,P,23,29,0,1,1,39.1,32,18,17,1,30,42,3.89,1.58,9.61,6.86,7.32,1.40,1,2,39.333333333333336,0.22881355932203387
695003,Randel Clemente,279,Palm Beach Cardinals,2025,FSL,A,P,23,20,0,3,2,29.1,21,15,13,2,18,45,3.99,1.33,13.81,5.52,6.44,2.50,4,1,29.333333333333332,0.6136363636363638
801422,Charles Harrison IV,279,Palm Beach Cardinals,2025,FSL,A,P,23,21,0,2,2,31.1,27,16,15,2,26,36,4.31,1.69,10.34,7.47,7.76,1.38,3,1,31.333333333333332,0.574468085106383
800320,Leonel Sequera,279,Palm Beach Cardinals,2025,FSL,A,P,19,24,24,5,10,108.0,107,55,52,2,41,99,4.33,1.37,8.25,3.42,8.92,2.41,0,0,108.0,0.16666666666666666
800295,Nelfy Ynfante,279,Palm Beach Cardinals,2025,FSL,A,P,20,24,13,5,6,90.0,98,50,46,8,44,83,4.60,1.58,8.30,4.40,9.80,1.89,2,0,90.0,0.8
822463,Nolan Sparks,279,Palm Beach Cardinals,2025,FSL,A,P,22,18,12,4,6,72.1,61,44,39,6,46,78,4.85,1.48,9.71,5.72,7.59,1.70,1,1,72.33333333333333,0.7465437788018433
815047,Hunter Kublick,279,Palm Beach Cardinals,2025,FSL,A,P,21,11,0,3,0,17.1,25,10,10,1,9,13,5.19,1.96,6.75,4.67,12.98,1.44,0,1,17.333333333333332,0.5192307692307693
824604,Liam Doyle,279,Palm Beach Cardinals,2025,FSL,A,P,21,1,1,0,0,1.2,1,1,1,1,2,3,5.40,1.80,16.20,10.80,5.40,1.50,0,0,1.6666666666666665,5.4
805772,Conor Steinbaugh,279,Palm Beach Cardinals,2025,FSL,A,P,26,11,0,0,2,13.1,11,13,8,1,10,16,5.40,1.58,10.80,6.75,7.43,1.60,1,0,13.333333333333334,0.6749999999999999
701469,Jack Findlay,279,Palm Beach Cardinals,2025,FSL,A,P,22,28,0,2,4,51.1,48,38,31,2,38,56,5.44,1.68,9.82,6.66,8.42,1.47,1,4,51.333333333333336,0.35064935064935066
800277,Yordy Herrera,279,Palm Beach Cardinals,2025,FSL,A,P,20,33,0,8,1,57.1,50,44,36,4,41,68,5.65,1.59,10.67,6.44,7.85,1.66,0,3,57.333333333333336,0.627906976744186
813291,Sam Brodersen,279,Palm Beach Cardinals,2025,FSL,A,P,23,36,0,2,5,45.2,43,38,30,4,39,59,5.91,1.80,11.63,7.69,8.47,1.51,2,3,45.666666666666664,0.7883211678832117
810098,Yadiel Batista,279,Palm Beach Cardinals,2025,FSL,A,P,21,7,0,1,2,27.2,33,20,19,2,14,21,6.18,1.70,6.83,4.55,10.73,1.50,0,1,27.666666666666668,0.6506024096385542
813838,Jacob Odle,279,Palm Beach Cardinals,2025,FSL,A,P,21,13,13,0,5,43.0,39,30,30,1,35,54,6.28,1.72,11.30,7.33,8.16,1.54,0,0,43.0,0.20930232558139533
681450,Angel Cuenca,279,Palm Beach Cardinals,2025,FSL,A,P,23,22,0,1,1,36.0,37,32,27,3,31,33,6.75,1.89,8.25,7.75,9.25,1.06,1,1,36.0,0.75
701308,Ernie Day,279,Palm Beach Cardinals,2025,FSL,A,P,23,17,0,0,2,15.0,14,13,12,0,20,16,7.20,2.27,9.60,12.00,8.40,0.80,0,2,15.0,0.0
678016,Ian Bedell,279,Palm Beach Cardinals,2025,FSL,A,P,25,2,2,0,1,5.2,4,5,5,1,3,8,7.94,1.24,12.71,4.76,6.35,2.67,0,0,5.666666666666667,1.588235294117647
828594,Michael Watson,279,Palm Beach Cardinals,2025,FSL,A,P,23,4,0,0,1,7.1,6,7,7,0,4,10,8.59,1.36,12.27,4.91,7.36,2.50,1,1,7.333333333333333,0.0
832225,Alex Breckheimer,279,Palm Beach Cardinals,2025,FSL,A,P,21,4,0,0,0,4.0,5,5,4,0,4,6,9.00,2.25,13.50,9.00,11.25,1.50,0,0,4.0,0.0
699575,Zeke Wood,279,Palm Beach Cardinals,2025,FSL,A,P,25,8,0,0,0,6.2,8,7,7,1,4,7,9.45,1.80,9.45,5.40,10.80,1.75,3,0,6.666666666666667,1.3499999999999999
699022,Samuel Fabian,279,Palm Beach Cardinals,2025,FSL,A,P,22,6,0,1,1,8.1,9,10,9,0,12,7,9.72,2.52,7.56,12.96,9.72,0.58,0,1,8.333333333333334,0.0
800243,Jovi Gálvez,279,Palm Beach Cardinals,2025,FSL,A,P,20,6,0,0,1,6.0,9,9,8,0,7,6,12.00,2.67,9.00,10.50,13.50,0.86,1,0,6.0,0.0
825101,Anthony Watts,279,Palm Beach Cardinals,2025,FSL,A,P,21,3,0,0,0,2.2,3,4,4,2,1,3,13.50,1.50,10.13,3.38,10.13,3.00,0,1,2.6666666666666665,6.75
808048,Rubén Menes,279,Palm Beach Cardinals,2025,FSL,A,P,23,3,3,0,2,8.0,13,16,13,2,6,6,14.63,2.38,6.75,6.75,14.63,1.00,0,0,8.0,2.25
808133,Giovanni Vargas,279,Palm Beach Cardinals,2025,FSL,A,P,19,1,0,0,0,1.0,4,5,5,1,2,1,45.00,6.00,9.00,18.00,36.00,0.50,0,0,1.0,9.0
824604,Liam Doyle,440,Springfield Cardinals,2025,TEX,AA,P,21,1,1,0,0,2.0,2,0,0,0,0,3,0.00,1.00,13.50,0.00,9.00,-.--,0,0,2.0,0.0
675919,Nick Raquet,440,Springfield Cardinals,2025,TEX,AA,P,29,25,0,8,1,35.0,29,6,3,0,6,38,0.77,1.00,9.77,1.54,7.46,6.33,5,2,35.0,0.0
825576,Brandt Thompson,440,Springfield Cardinals,2025,TEX,AA,P,22,2,2,1,0,9.0,6,2,1,0,3,5,1.00,1.00,5.00,3.00,6.00,1.67,0,0,9.0,0.0
828594,Michael Watson,440,Springfield Cardinals,2025,TEX,AA,P,23,17,0,2,1,24.1,12,4,3,0,10,29,1.11,0.90,10.73,3.70,4.44,2.90,3,2,24.333333333333332,0.0
703106,Ricardo Velez,440,Springfield Cardinals,2025,TEX,AA,P,26,30,1,5,1,58.2,41,18,13,3,26,53,1.99,1.14,8.13,3.99,6.29,2.04,2,3,58.666666666666664,0.46022727272727276
702119,Hunter Hayes,440,Springfield Cardinals,2025,TEX,AA,P,24,9,0,0,1,16.1,14,4,4,0,6,18,2.20,1.22,9.92,3.31,7.71,3.00,0,2,16.333333333333332,0.0
676153,Austin Love,440,Springfield Cardinals,2025,TEX,AA,P,26,41,0,6,1,56.0,33,16,15,3,26,63,2.41,1.05,10.13,4.18,5.30,2.42,2,5,56.0,0.4821428571428571
694358,Tekoah Roby,440,Springfield Cardinals,2025,TEX,AA,P,23,10,10,4,2,47.0,34,14,13,4,11,57,2.49,0.96,10.91,2.11,6.51,5.18,0,0,47.0,0.7659574468085106
802680,Tyler Bradt,440,Springfield Cardinals,2025,TEX,AA,P,24,11,2,1,1,18.0,11,7,5,1,11,19,2.50,1.22,9.50,5.50,5.50,1.73,0,2,18.0,0.5
809100,Ixan Henderson,440,Springfield Cardinals,2025,TEX,AA,P,23,25,25,9,7,132.0,99,41,38,5,51,134,2.59,1.14,9.14,3.48,6.75,2.63,0,0,132.0,0.34090909090909094
667652,Jack Ralston,440,Springfield Cardinals,2025,TEX,AA,P,27,24,0,3,3,39.1,32,14,12,4,27,50,2.75,1.50,11.44,6.18,7.32,1.85,3,2,39.333333333333336,0.9152542372881355
802408,Brycen Mautz,440,Springfield Cardinals,2025,TEX,AA,P,23,25,25,8,3,114.2,94,39,38,13,33,134,2.98,1.11,10.52,2.59,7.38,4.06,0,0,114.66666666666667,1.0203488372093024
685464,Cade Winquest,440,Springfield Cardinals,2025,TEX,AA,P,25,8,8,3,1,42.1,42,16,15,3,12,42,3.19,1.28,8.93,2.55,8.93,3.50,0,0,42.333333333333336,0.6377952755905512
678975,Nathanael Heredia,440,Springfield Cardinals,2025,TEX,AA,P,24,25,0,0,1,28.0,18,13,11,3,29,29,3.54,1.68,9.32,9.32,5.79,1.00,1,3,28.0,0.9642857142857142
684516,Hancel Rincon,440,Springfield Cardinals,2025,TEX,AA,P,23,9,8,3,3,47.1,47,20,19,4,13,59,3.61,1.27,11.22,2.47,8.94,4.54,0,0,47.333333333333336,0.7605633802816901
676047,Osvaldo Berrios,440,Springfield Cardinals,2025,TEX,AA,P,25,28,4,4,3,43.1,35,22,18,6,15,48,3.74,1.15,9.97,3.12,7.27,3.20,4,2,43.333333333333336,1.246153846153846
677337,Pete Hansen,440,Springfield Cardinals,2025,TEX,AA,P,24,26,26,8,5,137.1,137,71,60,12,37,123,3.93,1.27,8.06,2.42,8.98,3.32,0,0,137.33333333333334,0.7864077669902911
703725,Luis Gastelum,440,Springfield Cardinals,2025,TEX,AA,P,23,46,0,3,5,62.2,52,29,28,3,17,92,4.02,1.10,13.21,2.44,7.47,5.41,10,6,62.666666666666664,0.4308510638297872
691008,Max Rajcic,440,Springfield Cardinals,2025,TEX,AA,P,23,16,16,3,3,73.0,73,41,33,5,27,72,4.07,1.37,8.88,3.33,9.00,2.67,0,0,73.0,0.6164383561643836
693311,Tink Hence,440,Springfield Cardinals,2025,TEX,AA,P,22,3,3,0,0,10.2,6,5,5,1,6,14,4.22,1.13,11.81,5.06,5.06,2.33,0,0,10.666666666666666,0.84375
686184,Sean Harney,440,Springfield Cardinals,2025,TEX,AA,P,26,22,1,1,1,34.0,28,16,16,2,20,31,4.24,1.41,8.21,5.29,7.41,1.55,5,2,34.0,0.5294117647058824
677312,Zane Mills,440,Springfield Cardinals,2025,TEX,AA,P,24,29,1,5,5,51.1,48,32,28,5,21,54,4.91,1.34,9.47,3.68,8.42,2.57,1,6,51.333333333333336,0.8766233766233765
687817,Andrew Marrero,440,Springfield Cardinals,2025,TEX,AA,P,25,24,0,5,0,34.2,37,21,20,5,32,47,5.19,1.99,12.20,8.31,9.61,1.47,1,4,34.666666666666664,1.2980769230769231
672405,Leonardo Taveras,440,Springfield Cardinals,2025,TEX,AA,P,26,15,1,3,1,24.2,27,16,15,2,15,30,5.47,1.70,10.95,5.47,9.85,2.00,0,2,24.666666666666668,0.7297297297297296
695003,Randel Clemente,440,Springfield Cardinals,2025,TEX,AA,P,23,12,0,0,0,14.0,8,10,10,1,18,19,6.43,1.86,12.21,11.57,5.14,1.06,0,1,14.0,0.6428571428571428
667463,John King,440,Springfield Cardinals,2025,TEX,AA,P,30,1,0,0,0,1.0,1,1,1,1,0,2,9.00,1.00,18.00,0.00,9.00,-.--,0,0,1.0,9.0
813820,Chen-Wei Lin,440,Springfield Cardinals,2025,TEX,AA,P,23,4,4,0,0,9.2,9,10,10,2,9,20,9.31,1.86,18.62,8.38,8.38,2.22,0,0,9.666666666666666,1.8620689655172415
695835,Edwin Núñez,440,Springfield Cardinals,2025,TEX,AA,P,23,22,0,3,0,27.1,26,34,32,3,35,33,10.54,2.23,10.87,11.52,8.56,0.94,0,0,27.333333333333332,0.9878048780487805
662914,Ryan Shreve,440,Springfield Cardinals,2025,TEX,AA,P,27,3,0,0,1,5.1,11,9,7,1,4,2,11.81,2.81,3.38,6.75,18.56,0.50,0,0,5.333333333333333,1.6875
826314,Mason Burns,440,Springfield Cardinals,2025,TEX,AA,P,23,2,0,0,0,3.0,4,4,4,1,2,4,12.00,2.00,12.00,6.00,12.00,2.00,0,1,3.0,3.0
641739,Rob Kaminsky,235,Memphis Redbirds,2025,INT,AAA,P,30,1,0,1,0,1.0,0,0,0,0,1,1,0.00,1.00,9.00,9.00,0.00,1.00,0,0,1.0,0.0
690914,Brody Moore,235,Memphis Redbirds,2025,INT,AAA,SS,24,2,0,1,0,3.0,2,0,0,0,0,0,0.00,0.67,0.00,0.00,6.00,-.--,0,0,3.0,0.0
642575,Gerson Moreno,235,Memphis Redbirds,2025,INT,AAA,P,29,14,0,1,0,14.2,4,4,2,0,11,15,1.23,1.02,9.20,6.75,2.45,1.36,0,2,14.666666666666666,0.0
701552,Andre Granillo,235,Memphis Redbirds,2025,INT,AAA,P,25,29,0,5,0,42.0,21,6,6,2,14,58,1.29,0.83,12.43,3.00,4.50,4.14,2,4,42.0,0.42857142857142855
677312,Zane Mills,235,Memphis Redbirds,2025,INT,AAA,P,24,2,1,0,0,3.2,2,1,1,0,2,4,2.45,1.09,9.82,4.91,4.91,2.00,0,0,3.6666666666666665,0.0
676617,Riley O'Brien,235,Memphis Redbirds,2025,INT,AAA,P,30,19,0,1,0,19.1,16,7,6,1,8,32,2.79,1.24,14.90,3.72,7.45,4.00,3,0,19.333333333333332,0.4655172413793104
681676,Ryan Fernandez,235,Memphis Redbirds,2025,INT,AAA,P,27,29,0,4,1,34.2,23,12,12,1,20,49,3.12,1.24,12.72,5.19,5.97,2.45,2,2,34.666666666666664,0.25961538461538464
668954,Curtis Taylor,235,Memphis Redbirds,2025,INT,AAA,P,29,31,24,10,4,137.1,112,55,49,14,51,118,3.21,1.19,7.73,3.34,7.34,2.31,1,1,137.33333333333334,0.9174757281553397
682610,Roddery Muñoz,235,Memphis Redbirds,2025,INT,AAA,P,25,38,0,4,3,57.2,46,22,21,4,30,76,3.28,1.32,11.86,4.68,7.18,2.53,3,2,57.666666666666664,0.6242774566473989
694335,Matt Svanson,235,Memphis Redbirds,2025,INT,AAA,P,26,15,0,1,0,21.2,26,9,8,1,9,22,3.32,1.62,9.14,3.74,10.80,2.44,1,0,21.666666666666668,0.41538461538461535
667463,John King,235,Memphis Redbirds,2025,INT,AAA,P,30,3,0,0,1,2.2,4,3,1,0,1,2,3.38,1.88,6.75,3.38,13.50,2.00,0,0,2.6666666666666665,0.0
702795,Ryan Loutos,235,Memphis Redbirds,2025,INT,AAA,P,26,8,0,0,0,8.0,7,3,3,1,2,6,3.38,1.13,6.75,2.25,7.88,3.00,2,0,8.0,1.125
658792,Aaron Wilkerson,235,Memphis Redbirds,2025,INT,AAA,P,36,11,11,3,1,57.2,51,22,22,8,13,40,3.43,1.11,6.24,2.03,7.96,3.08,0,0,57.666666666666664,1.2485549132947977
700241,Michael McGreevy,235,Memphis Redbirds,2025,INT,AAA,P,24,15,15,8,3,75.0,78,35,31,7,15,78,3.72,1.24,9.36,1.80,9.36,5.20,0,0,75.0,0.8400000000000001
700669,Gordon Graceffo,235,Memphis Redbirds,2025,INT,AAA,P,25,24,4,2,4,45.1,45,23,19,5,13,45,3.77,1.28,8.93,2.58,8.93,3.46,2,2,45.333333333333336,0.9926470588235294
687273,Quinn Mathews,235,Memphis Redbirds,2025,INT,AAA,P,24,22,22,4,7,94.0,76,44,41,6,74,107,3.93,1.60,10.24,7.09,7.28,1.45,0,0,94.0,0.5744680851063829
694358,Tekoah Roby,235,Memphis Redbirds,2025,INT,AAA,P,23,6,6,3,2,31.1,33,17,14,4,8,30,4.02,1.31,8.62,2.30,9.48,3.75,0,0,31.333333333333332,1.148936170212766
685107,Anthony Veneziano,235,Memphis Redbirds,2025,INT,AAA,P,27,10,0,1,0,12.1,14,6,6,1,11,6,4.38,2.03,4.38,8.03,10.22,0.55,0,0,12.333333333333334,0.7297297297297296
665996,Oddanier Mosqueda,235,Memphis Redbirds,2025,INT,AAA,P,26,55,0,5,5,65.2,51,36,33,7,31,68,4.52,1.25,9.32,4.25,6.99,2.19,2,10,65.66666666666667,0.9593908629441623
688297,Chris Roycroft,235,Memphis Redbirds,2025,INT,AAA,P,28,35,0,3,2,46.2,50,29,25,4,24,47,4.82,1.59,9.06,4.63,9.64,1.96,5,5,46.666666666666664,0.7714285714285715
675919,Nick Raquet,235,Memphis Redbirds,2025,INT,AAA,P,29,14,0,2,3,17.1,16,11,10,4,6,22,5.19,1.27,11.42,3.12,8.31,3.67,3,2,17.333333333333332,2.076923076923077
813766,Skylar Hales,235,Memphis Redbirds,2025,INT,AAA,P,23,16,0,5,0,20.0,17,13,12,3,9,18,5.40,1.30,8.10,4.05,7.65,2.00,0,1,20.0,1.3499999999999999
592848,Zack Weiss,235,Memphis Redbirds,2025,INT,AAA,P,33,43,0,3,2,66.1,65,44,40,17,36,77,5.43,1.52,10.45,4.88,8.82,2.14,2,2,66.33333333333333,2.306532663316583
667652,Jack Ralston,235,Memphis Redbirds,2025,INT,AAA,P,27,14,0,1,1,18.0,20,14,11,2,16,22,5.50,2.00,11.00,8.00,10.00,1.38,0,1,18.0,1.0
680723,Drew Rom,235,Memphis Redbirds,2025,INT,AAA,P,25,4,4,0,0,14.1,9,9,9,2,6,11,5.65,1.05,6.91,3.77,5.65,1.83,0,0,14.333333333333334,1.255813953488372
676498,Alex Cornwell,235,Memphis Redbirds,2025,INT,AAA,P,26,35,12,4,6,92.2,110,66,61,9,45,71,5.92,1.67,6.90,4.37,10.68,1.58,1,2,92.66666666666667,0.8741007194244603
623433,Nick Anderson,235,Memphis Redbirds,2025,INT,AAA,P,34,17,0,0,1,20.1,21,14,14,3,8,20,6.20,1.43,8.85,3.54,9.30,2.50,0,4,20.333333333333332,1.3278688524590163
691008,Max Rajcic,235,Memphis Redbirds,2025,INT,AAA,P,23,11,11,0,4,45.0,58,36,32,10,27,28,6.40,1.89,5.60,5.40,11.60,1.04,0,0,45.0,2.0
672405,Leonardo Taveras,235,Memphis Redbirds,2025,INT,AAA,P,26,13,3,2,1,21.2,15,16,16,2,21,20,6.65,1.66,8.31,8.72,6.23,0.95,0,0,21.666666666666668,0.8307692307692307
662914,Ryan Shreve,235,Memphis Redbirds,2025,INT,AAA,P,27,10,1,2,0,21.1,25,17,16,7,11,14,6.75,1.69,5.91,4.64,10.55,1.27,0,0,21.333333333333332,2.953125
676546,Michael Gomez,235,Memphis Redbirds,2025,INT,AAA,P,28,23,2,2,2,34.0,33,30,26,5,23,30,6.88,1.65,7.94,6.09,8.74,1.30,0,2,34.0,1.3235294117647058
691828,Sem Robberse,235,Memphis Redbirds,2025,INT,AAA,P,23,4,4,1,1,14.2,23,14,12,2,8,19,7.36,2.11,11.66,4.91,14.11,2.38,0,0,14.666666666666666,1.2272727272727275
668676,Zach Plesac,235,Memphis Redbirds,2025,INT,AAA,P,30,15,14,1,8,58.2,69,54,50,13,31,47,7.67,1.70,7.21,4.76,10.59,1.52,0,0,58.666666666666664,1.9943181818181819
678016,Ian Bedell,235,Memphis Redbirds,2025,INT,AAA,P,25,14,14,0,5,52.0,65,46,46,14,24,51,7.96,1.71,8.83,4.15,11.25,2.13,0,0,52.0,2.423076923076923
676047,Osvaldo Berrios,235,Memphis Redbirds,2025,INT,AAA,P,25,12,0,0,1,14.2,23,16,15,5,9,14,9.20,2.18,8.59,5.52,14.11,1.56,0,0,14.666666666666666,3.0681818181818183
801187,Chase Adkison,443,Peoria Chiefs,2025,MID,A+,C,25,1,0,0,0,1.0,1,0,0,0,0,0,0.00,1.00,0.00,0.00,9.00,-.--,0,0,1.0,0.0
815104,Graysen Tarlow,443,Peoria Chiefs,2025,MID,A+,C,23,1,0,0,0,0.1,1,0,0,0,1,0,0.00,6.00,0.00,27.00,27.00,0.00,0,0,0.3333333333333333,0.0
703106,Ricardo Velez,443,Peoria Chiefs,2025,MID,A+,P,26,3,0,2,0,6.1,5,1,0,0,3,2,0.00,1.26,2.84,4.26,7.11,0.67,0,0,6.333333333333333,0.0
695003,Randel Clemente,443,Peoria Chiefs,2025,MID,A+,P,23,7,0,0,0,9.2,3,2,2,0,4,12,1.86,0.72,11.17,3.72,2.79,3.00,0,1,9.666666666666666,0.0
701469,Jack Findlay,443,Peoria Chiefs,2025,MID,A+,P,22,5,0,0,1,9.1,6,3,2,0,3,11,1.93,0.96,10.61,2.89,5.79,3.67,0,1,9.333333333333334,0.0
695766,Mason Molina,443,Peoria Chiefs,2025,MID,A+,P,21,5,5,2,1,21.2,15,6,5,2,15,27,2.08,1.38,11.22,6.23,6.23,1.80,0,0,21.666666666666668,0.8307692307692307
801078,Braden Davis,443,Peoria Chiefs,2025,MID,A+,P,22,8,8,3,2,36.2,15,11,9,0,23,50,2.21,1.04,12.27,5.65,3.68,2.17,0,0,36.666666666666664,0.0
815119,Tanner Franklin,443,Peoria Chiefs,2025,MID,A+,P,21,2,2,0,0,4.0,3,1,1,0,4,5,2.25,1.75,11.25,9.00,6.75,1.25,0,0,4.0,0.0
826314,Mason Burns,443,Peoria Chiefs,2025,MID,A+,P,23,17,0,2,1,27.0,17,10,7,1,10,32,2.33,1.00,10.67,3.33,5.67,3.20,4,0,27.0,0.3333333333333333
691711,Jawilme Ramírez,443,Peoria Chiefs,2025,MID,A+,P,23,39,0,5,3,59.2,50,28,20,5,31,53,3.02,1.36,7.99,4.68,7.54,1.71,2,3,59.666666666666664,0.7541899441340782
802680,Tyler Bradt,443,Peoria Chiefs,2025,MID,A+,P,24,26,1,1,4,45.1,32,27,16,3,36,49,3.18,1.50,9.73,7.15,6.35,1.36,1,2,45.333333333333336,0.5955882352941176
805374,Tanner Jacobson,443,Peoria Chiefs,2025,MID,A+,P,25,31,0,6,5,50.2,39,18,18,2,37,61,3.20,1.50,10.84,6.57,6.93,1.65,2,1,50.666666666666664,0.3552631578947369
828594,Michael Watson,443,Peoria Chiefs,2025,MID,A+,P,23,22,0,2,1,34.1,20,15,13,4,22,37,3.41,1.22,9.70,5.77,5.24,1.68,3,2,34.333333333333336,1.0485436893203883
684485,Benjamin Arias,443,Peoria Chiefs,2025,MID,A+,P,23,33,0,2,1,56.1,43,28,23,3,24,43,3.67,1.19,6.87,3.83,6.87,1.79,2,4,56.333333333333336,0.4792899408284023
825576,Brandt Thompson,443,Peoria Chiefs,2025,MID,A+,P,22,4,3,0,1,15.0,10,7,7,1,4,23,4.20,0.93,13.80,2.40,6.00,5.75,0,1,15.0,0.6
684516,Hancel Rincon,443,Peoria Chiefs,2025,MID,A+,P,23,10,9,1,2,49.0,41,23,23,4,17,49,4.22,1.18,9.00,3.12,7.53,2.88,0,0,49.0,0.7346938775510203
701374,Zack Showalter,443,Peoria Chiefs,2025,MID,A+,P,21,13,1,1,0,18.0,9,9,9,0,21,23,4.50,1.67,11.50,10.50,4.50,1.10,1,0,18.0,0.0
685464,Cade Winquest,443,Peoria Chiefs,2025,MID,A+,P,25,17,15,2,6,63.2,63,38,32,4,27,68,4.52,1.41,9.61,3.82,8.91,2.52,0,1,63.666666666666664,0.5654450261780104
822472,Domenic Picone,443,Peoria Chiefs,2025,MID,A+,P,24,10,0,0,3,17.2,17,9,9,1,11,13,4.58,1.58,6.62,5.60,8.66,1.18,0,0,17.666666666666668,0.5094339622641509
691013,Jason Savacool,443,Peoria Chiefs,2025,MID,A+,P,23,12,10,3,2,46.1,49,26,24,4,26,47,4.66,1.62,9.13,5.05,9.52,1.81,0,0,46.333333333333336,0.776978417266187
683165,Joseph King,443,Peoria Chiefs,2025,MID,A+,P,24,7,0,0,0,9.1,11,5,5,2,8,15,4.82,2.04,14.46,7.71,10.61,1.88,1,2,9.333333333333334,1.9285714285714284
692404,Darlin Saladin,443,Peoria Chiefs,2025,MID,A+,P,22,26,13,3,5,94.2,87,54,51,8,47,81,4.85,1.42,7.70,4.47,8.27,1.72,2,0,94.66666666666667,0.7605633802816901
813820,Chen-Wei Lin,443,Peoria Chiefs,2025,MID,A+,P,23,12,12,0,2,38.2,27,25,21,1,29,46,4.89,1.45,10.71,6.75,6.28,1.59,0,0,38.666666666666664,0.2327586206896552
693311,Tink Hence,443,Peoria Chiefs,2025,MID,A+,P,22,1,1,0,1,3.2,2,2,2,0,3,1,4.91,1.36,2.45,7.36,4.91,0.33,0,0,3.6666666666666665,0.0
702296,Nate Dohm,443,Peoria Chiefs,2025,MID,A+,P,22,5,5,0,2,12.1,11,7,7,2,9,13,5.11,1.62,9.49,6.57,8.03,1.44,0,0,12.333333333333334,1.4594594594594592
681884,D.J. Carpenter,443,Peoria Chiefs,2025,MID,A+,P,25,36,0,3,2,37.0,39,25,22,2,30,41,5.35,1.86,9.97,7.30,9.49,1.37,2,3,37.0,0.4864864864864865
692284,Frank Elissalt,443,Peoria Chiefs,2025,MID,A+,P,23,4,3,0,2,9.2,7,6,6,0,8,6,5.59,1.55,5.59,7.45,6.52,0.75,0,0,9.666666666666666,0.0
702119,Hunter Hayes,443,Peoria Chiefs,2025,MID,A+,P,24,27,0,2,3,47.2,50,31,30,5,25,49,5.66,1.57,9.25,4.72,9.44,1.96,2,2,47.666666666666664,0.9440559440559441
692369,José Davila,443,Peoria Chiefs,2025,MID,A+,P,22,24,22,3,6,98.0,108,68,66,11,50,88,6.06,1.61,8.08,4.59,9.92,1.76,0,0,98.0,1.010204081632653
694261,Angel Gonzalez,443,Peoria Chiefs,2025,MID,A+,P,22,25,0,1,4,35.1,22,28,25,1,47,41,6.37,1.95,10.44,11.97,5.60,0.87,2,4,35.333333333333336,0.25471698113207547
802371,Christian Worley,443,Peoria Chiefs,2025,MID,A+,P,23,4,0,0,0,8.1,12,6,6,0,7,4,6.48,2.28,4.32,7.56,12.96,0.57,0,0,8.333333333333334,0.0
699575,Zeke Wood,443,Peoria Chiefs,2025,MID,A+,P,25,4,0,0,0,5.0,8,4,4,1,3,6,7.20,2.20,10.80,5.40,14.40,2.00,0,1,5.0,1.8
701569,Aaron Holiday,443,Peoria Chiefs,2025,MID,A+,P,25,4,0,1,0,7.0,6,7,6,1,5,8,7.71,1.57,10.29,6.43,7.71,1.60,0,0,7.0,1.2857142857142856
692401,Gerardo Salas,443,Peoria Chiefs,2025,MID,A+,P,22,25,19,4,13,96.2,125,91,87,15,39,90,8.10,1.70,8.38,3.63,11.64,2.31,0,0,96.66666666666667,1.396551724137931
681051,Dionys Rodriguez,443,Peoria Chiefs,2025,MID,A+,P,24,23,1,2,5,35.0,44,40,34,2,22,19,8.74,1.89,4.89,5.66,11.31,0.86,0,1,35.0,0.5142857142857142
681644,Inohan Paniagua,443,Peoria Chiefs,2025,MID,A+,P,25,1,0,0,0,1.2,3,3,3,0,5,0,16.20,4.80,0.00,27.00,16.20,0.00,0,0,1.6666666666666665,0.0
692564,Johnfrank Salazar,443,Peoria Chiefs,2025,MID,A+,3B,21,1,0,0,1,1.2,3,5,3,0,0,0,16.20,1.80,0.00,0.00,16.20,-.--,0,0,1.6666666666666665,0.0
702642,Patrick Galle,279,Palm Beach Cardinals,2026,FSL,A,P,22,5,0,1,0,5.2,0,0,0,0,5,14,0.00,0.88,22.24,7.94,0.00,2.80,2,0,5.666666666666667,0.0
673257,Victor Santos,279,Palm Beach Cardinals,2026,FSL,A,P,25,2,0,1,0,1.1,1,0,0,0,0,1,0.00,0.75,6.75,0.00,6.75,-.--,1,0,1.3333333333333333,0.0
657265,Peter Strzelecki,279,Palm Beach Cardinals,2026,FSL,A,P,31,1,0,0,0,1.0,0,0,0,0,0,1,0.00,0.00,9.00,0.00,0.00,-.--,0,0,1.0,0.0
808133,Giovanni Vargas,279,Palm Beach Cardinals,2026,FSL,A,P,20,1,0,1,0,2.0,2,0,0,0,1,1,0.00,1.50,4.50,4.50,9.00,1.00,0,0,2.0,0.0
808048,Rubén Menes,279,Palm Beach Cardinals,2026,FSL,A,P,24,5,0,3,0,12.1,5,1,1,0,2,13,0.73,0.57,9.49,1.46,3.65,6.50,0,0,12.333333333333334,0.0
677337,Pete Hansen,279,Palm Beach Cardinals,2026,FSL,A,P,25,2,2,0,0,6.2,3,1,1,0,3,7,1.35,0.90,9.45,4.05,4.05,2.33,0,0,6.666666666666667,0.0
807549,Ty Van Dyke,279,Palm Beach Cardinals,2026,FSL,A,P,22,7,7,1,1,33.0,19,9,6,2,8,35,1.64,0.82,9.55,2.18,5.18,4.38,0,0,33.0,0.5454545454545454
813838,Jacob Odle,279,Palm Beach Cardinals,2026,FSL,A,P,22,9,7,2,3,33.0,26,17,7,2,16,51,1.91,1.27,13.91,4.36,7.09,3.19,0,0,33.0,0.5454545454545454
834897,Dylan Driessen,279,Palm Beach Cardinals,2026,FSL,A,P,21,24,0,2,1,31.1,27,13,8,2,18,43,2.30,1.44,12.35,5.17,7.76,2.39,3,2,31.333333333333332,0.574468085106383
815919,Branneli Franco,279,Palm Beach Cardinals,2026,FSL,A,P,19,4,2,0,1,15.0,12,5,5,2,5,15,3.00,1.13,9.00,3.00,7.20,3.00,0,1,15.0,1.2
814085,Alan Reyes,279,Palm Beach Cardinals,2026,FSL,A,P,22,4,0,0,1,9.0,7,4,3,1,5,8,3.00,1.33,8.00,5.00,7.00,1.60,0,0,9.0,1.0
800243,Jovi Gálvez,279,Palm Beach Cardinals,2026,FSL,A,P,21,13,0,1,0,14.0,10,5,5,0,16,16,3.21,1.86,10.29,10.29,6.43,1.00,1,1,14.0,0.0
683165,Joseph King,279,Palm Beach Cardinals,2026,FSL,A,P,25,5,0,1,0,8.1,8,4,3,0,1,12,3.24,1.08,12.96,1.08,8.64,12.00,0,2,8.333333333333334,0.0
839419,Dallis Moran,279,Palm Beach Cardinals,2026,FSL,A,P,21,9,0,1,1,13.2,7,8,5,1,10,13,3.29,1.24,8.56,6.59,4.61,1.30,0,1,13.666666666666666,0.6585365853658538
831874,Hendrick Caña,279,Palm Beach Cardinals,2026,FSL,A,P,18,1,0,1,0,2.2,1,1,1,0,4,4,3.38,1.88,13.50,13.50,3.38,1.00,0,0,2.6666666666666665,0.0
699575,Zeke Wood,279,Palm Beach Cardinals,2026,FSL,A,P,26,9,0,2,2,10.2,8,5,4,1,2,22,3.38,0.94,18.56,1.69,6.75,11.00,0,0,10.666666666666666,0.84375
809100,Ixan Henderson,279,Palm Beach Cardinals,2026,FSL,A,P,24,2,2,0,1,7.1,3,3,3,1,3,9,3.68,0.82,11.05,3.68,3.68,3.00,0,0,7.333333333333333,1.2272727272727275
807555,Liam Best,279,Palm Beach Cardinals,2026,FSL,A,P,22,29,0,3,2,40.2,41,26,17,2,29,47,3.76,1.72,10.40,6.42,9.07,1.62,0,4,40.666666666666664,0.4426229508196722
800295,Nelfy Ynfante,279,Palm Beach Cardinals,2026,FSL,A,P,21,21,1,2,2,42.2,37,22,19,6,11,45,4.01,1.13,9.49,2.32,7.80,4.09,4,2,42.666666666666664,1.265625
835433,Nathan Shinn,279,Palm Beach Cardinals,2026,FSL,A,P,22,17,1,2,2,33.2,35,22,15,5,20,29,4.01,1.63,7.75,5.35,9.36,1.45,0,2,33.666666666666664,1.336633663366337
821638,Earle Zulueta,279,Palm Beach Cardinals,2026,FSL,A,P,19,2,0,1,0,6.2,5,3,3,0,6,7,4.05,1.65,9.45,8.10,6.75,1.17,0,0,6.666666666666667,0.0
821276,Jesús García,279,Palm Beach Cardinals,2026,FSL,A,P,20,27,0,5,1,42.2,41,24,20,6,14,33,4.22,1.29,6.96,2.95,8.65,2.36,4,1,42.666666666666664,1.265625
841027,Brian Garmon,279,Palm Beach Cardinals,2026,FSL,A,P,22,10,0,3,1,14.2,13,7,7,1,4,18,4.30,1.16,11.05,2.45,7.98,4.50,1,1,14.666666666666666,0.6136363636363638
822956,Jack Martinez,279,Palm Beach Cardinals,2026,FSL,A,P,23,16,16,1,7,60.2,42,33,29,5,34,86,4.30,1.25,12.76,5.04,6.23,2.53,0,0,60.666666666666664,0.7417582417582418
814835,Jaden Alba,279,Palm Beach Cardinals,2026,FSL,A,P,20,5,0,1,0,11.2,12,7,6,0,12,14,4.63,2.06,10.80,9.26,9.26,1.17,0,0,11.666666666666666,0.0
810098,Yadiel Batista,279,Palm Beach Cardinals,2026,FSL,A,P,22,33,1,5,4,65.0,79,37,34,6,22,56,4.71,1.55,7.75,3.05,10.94,2.55,1,4,65.0,0.8307692307692308
808081,Xavier Cruz,279,Palm Beach Cardinals,2026,FSL,A,P,20,2,0,1,1,5.2,3,7,3,1,6,11,4.76,1.59,17.47,9.53,4.76,1.83,0,0,5.666666666666667,1.588235294117647
692391,Antoni Cuello,279,Palm Beach Cardinals,2026,FSL,A,P,23,29,0,0,0,33.0,33,20,18,5,27,30,4.91,1.82,8.18,7.36,9.00,1.11,4,1,33.0,1.3636363636363638
841026,Jacob Haley,279,Palm Beach Cardinals,2026,FSL,A,P,20,5,3,0,0,11.0,7,7,6,3,9,9,4.91,1.45,7.36,7.36,5.73,1.00,0,0,11.0,2.454545454545454
702254,Andrew Dutkanych IV,279,Palm Beach Cardinals,2026,FSL,A,P,22,11,7,3,2,40.2,32,25,23,3,24,47,5.09,1.38,10.40,5.31,7.08,1.96,0,0,40.666666666666664,0.6639344262295082
701509,Brian Holiday,279,Palm Beach Cardinals,2026,FSL,A,P,23,12,12,1,1,50.2,54,30,30,9,10,60,5.33,1.26,10.66,1.78,9.59,6.00,0,0,50.666666666666664,1.5986842105263157
827265,Cade Crossland,279,Palm Beach Cardinals,2026,FSL,A,P,22,20,19,4,5,72.0,51,46,43,6,57,109,5.38,1.50,13.63,7.13,6.38,1.91,0,0,72.0,0.75
832225,Alex Breckheimer,279,Palm Beach Cardinals,2026,FSL,A,P,22,10,2,2,1,33.1,28,22,20,4,15,36,5.40,1.29,9.72,4.05,7.56,2.40,0,3,33.333333333333336,1.08
804979,Payton Graham,279,Palm Beach Cardinals,2026,FSL,A,P,22,16,15,0,4,53.2,56,37,34,7,31,53,5.70,1.62,8.89,5.20,9.39,1.71,0,0,53.666666666666664,1.1739130434782608
835657,Jake Shelagowski,279,Palm Beach Cardinals,2026,FSL,A,P,22,11,2,2,4,34.2,32,23,22,1,17,38,5.71,1.41,9.87,4.41,8.31,2.24,0,1,34.666666666666664,0.25961538461538464
814086,Jefferson Moran,279,Palm Beach Cardinals,2026,FSL,A,P,22,4,4,1,1,14.0,12,9,9,2,11,15,5.79,1.64,9.64,7.07,7.71,1.36,0,0,14.0,1.2857142857142856
820976,Gabriel Chinchilla,279,Palm Beach Cardinals,2026,FSL,A,P,19,8,5,1,2,27.1,28,19,18,7,15,40,5.93,1.57,13.17,4.94,9.22,2.67,0,0,27.333333333333332,2.3048780487804876
700251,Brandon Clarke,279,Palm Beach Cardinals,2026,FSL,A,P,23,3,3,0,0,5.2,4,5,4,1,7,8,6.35,1.94,12.71,11.12,6.35,1.14,0,0,5.666666666666667,1.588235294117647
834989,Kaden Echeman,279,Palm Beach Cardinals,2026,FSL,A,P,23,30,0,6,5,46.2,43,38,33,7,51,66,6.36,2.01,12.73,9.84,8.29,1.29,1,1,46.666666666666664,1.3499999999999999
815047,Hunter Kublick,279,Palm Beach Cardinals,2026,FSL,A,P,22,14,0,0,1,13.2,17,10,10,0,3,11,6.59,1.46,7.24,1.98,11.20,3.67,0,1,13.666666666666666,0.0
812430,Heriberto Caraballo,279,Palm Beach Cardinals,2026,FSL,A,1B,21,1,0,0,0,1.1,3,1,1,1,0,0,6.75,2.25,0.00,0.00,20.25,-.--,0,0,1.3333333333333333,6.75
828330,JR Fordham,279,Palm Beach Cardinals,2026,FSL,A,P,22,9,0,0,0,12.0,14,9,9,1,9,12,6.75,1.92,9.00,6.75,10.50,1.33,0,0,12.0,0.75
808138,Keiverson Ramírez,279,Palm Beach Cardinals,2026,FSL,A,P,20,3,2,0,1,10.0,12,9,8,1,5,3,7.20,1.70,2.70,4.50,10.80,0.60,0,0,10.0,0.9
831273,Ethan Young,279,Palm Beach Cardinals,2026,FSL,A,P,22,10,10,0,2,31.0,40,29,25,3,17,38,7.26,1.84,11.03,4.94,11.61,2.24,0,0,31.0,0.8709677419354839
831050,Jan Cabrera,279,Palm Beach Cardinals,2026,FSL,A,P,21,5,3,0,2,18.1,29,16,15,3,9,16,7.36,2.07,7.85,4.42,14.24,1.78,0,0,18.333333333333332,1.4727272727272727
825101,Anthony Watts,279,Palm Beach Cardinals,2026,FSL,A,P,22,17,0,2,1,22.1,30,21,19,5,15,24,7.66,2.01,9.67,6.04,12.09,1.60,1,0,22.333333333333332,2.0149253731343286
687309,Cooper Hjerpe,279,Palm Beach Cardinals,2026,FSL,A,P,25,3,3,0,0,4.2,3,4,4,1,2,4,7.71,1.07,7.71,3.86,5.79,2.00,0,0,4.666666666666667,1.9285714285714284
805505,Justin Militello,279,Palm Beach Cardinals,2026,FSL,A,P,22,31,0,1,1,39.0,39,37,34,3,35,42,7.85,1.90,9.69,8.08,9.00,1.20,2,2,39.0,0.6923076923076923
692369,José Davila,279,Palm Beach Cardinals,2026,FSL,A,P,23,3,0,0,0,3.1,4,3,3,1,3,3,8.10,2.10,8.10,8.10,10.80,1.00,0,0,3.3333333333333335,2.6999999999999997
802680,Tyler Bradt,279,Palm Beach Cardinals,2026,FSL,A,P,25,1,0,1,0,1.0,2,1,1,0,2,1,9.00,4.00,9.00,18.00,18.00,0.50,0,0,1.0,0.0
689506,Robbie Knowles,279,Palm Beach Cardinals,2026,FSL,A,P,25,8,0,1,0,8.0,12,9,8,0,5,7,9.00,2.13,7.88,5.63,13.50,1.40,0,1,8.0,0.0
691828,Sem Robberse,279,Palm Beach Cardinals,2026,FSL,A,P,24,3,3,0,1,6.0,11,6,6,1,0,7,9.00,1.83,10.50,0.00,16.50,-.--,0,0,6.0,1.5
800277,Yordy Herrera,279,Palm Beach Cardinals,2026,FSL,A,P,21,11,0,1,0,10.2,7,12,11,1,17,14,9.28,2.25,11.81,14.34,5.91,0.82,1,1,10.666666666666666,0.84375
826313,Owen Rice,279,Palm Beach Cardinals,2026,FSL,A,P,23,1,0,0,0,0.2,2,5,3,0,4,1,40.50,9.00,13.50,54.00,27.00,0.25,0,0,0.6666666666666666,0.0
700251,Brandon Clarke,440,Springfield Cardinals,2026,TEX,AA,P,23,1,1,0,0,4.0,1,0,0,0,1,7,0.00,0.50,15.75,2.25,2.25,7.00,0,0,4.0,0.0
702296,Nate Dohm,440,Springfield Cardinals,2026,TEX,AA,P,23,1,0,0,0,2.0,0,0,0,0,1,3,0.00,0.50,13.50,4.50,0.00,3.00,0,1,2.0,0.0
701800,Carlos Linarez,440,Springfield Cardinals,2026,TEX,AA,C,24,1,0,0,0,1.0,1,0,0,0,1,0,0.00,2.00,0.00,9.00,9.00,0.00,0,0,1.0,0.0
811139,Sandro Santana,440,Springfield Cardinals,2026,TEX,AA,P,21,8,0,0,0,8.2,2,1,1,1,3,18,1.04,0.58,18.69,3.12,2.08,6.00,2,2,8.666666666666666,1.0384615384615385
826314,Mason Burns,440,Springfield Cardinals,2026,TEX,AA,P,24,16,0,0,2,21.2,14,8,5,2,11,24,2.08,1.15,9.97,4.57,5.82,2.18,5,0,21.666666666666668,0.8307692307692307
692369,José Davila,440,Springfield Cardinals,2026,TEX,AA,P,23,13,0,2,1,17.0,14,8,4,2,7,23,2.12,1.24,12.18,3.71,7.41,3.29,0,3,17.0,1.0588235294117647
822463,Nolan Sparks,440,Springfield Cardinals,2026,TEX,AA,P,23,17,0,0,0,19.1,13,6,6,2,9,28,2.79,1.14,13.03,4.19,6.05,3.11,1,2,19.333333333333332,0.9310344827586208
695766,Mason Molina,440,Springfield Cardinals,2026,TEX,AA,P,22,14,14,3,2,69.0,50,24,22,5,26,82,2.87,1.10,10.70,3.39,6.52,3.15,0,0,69.0,0.6521739130434783
823369,Yhoiker Fajardo,440,Springfield Cardinals,2026,TEX,AA,P,19,5,5,3,1,25.0,26,10,9,1,7,24,3.24,1.32,8.64,2.52,9.36,3.43,0,0,25.0,0.36
669697,Andrew Schultz,440,Springfield Cardinals,2026,TEX,AA,P,28,20,0,4,1,19.1,12,8,7,1,9,28,3.26,1.09,13.03,4.19,5.59,3.11,2,2,19.333333333333332,0.4655172413793104
815119,Tanner Franklin,440,Springfield Cardinals,2026,TEX,AA,P,22,6,6,3,0,32.1,29,15,12,2,13,42,3.34,1.30,11.69,3.62,8.07,3.23,0,0,32.333333333333336,0.556701030927835
824604,Liam Doyle,440,Springfield Cardinals,2026,TEX,AA,P,22,23,23,7,7,103.0,81,47,43,10,54,130,3.76,1.31,11.36,4.72,7.08,2.41,0,0,103.0,0.8737864077669902
684516,Hancel Rincon,440,Springfield Cardinals,2026,TEX,AA,P,24,1,0,0,0,2.1,2,1,1,1,0,2,3.86,0.86,7.71,0.00,7.71,-.--,0,0,2.3333333333333335,3.8571428571428568
811666,Daniel Eagen,440,Springfield Cardinals,2026,TEX,AA,P,23,6,6,3,3,34.2,27,18,16,6,7,48,4.15,0.98,12.46,1.82,7.01,6.86,0,0,34.666666666666664,1.557692307692308
676153,Austin Love,440,Springfield Cardinals,2026,TEX,AA,P,27,20,0,1,3,25.1,22,16,12,4,12,28,4.26,1.34,9.95,4.26,7.82,2.33,1,4,25.333333333333332,1.4210526315789476
802371,Christian Worley,440,Springfield Cardinals,2026,TEX,AA,P,24,4,0,0,0,4.0,4,2,2,1,1,4,4.50,1.25,9.00,2.25,9.00,4.00,1,1,4.0,2.25
701469,Jack Findlay,440,Springfield Cardinals,2026,TEX,AA,P,23,37,0,4,1,45.2,46,27,23,5,25,55,4.53,1.55,10.84,4.93,9.07,2.20,5,4,45.666666666666664,0.9854014598540146
825576,Brandt Thompson,440,Springfield Cardinals,2026,TEX,AA,P,23,12,8,3,2,49.2,46,31,27,6,21,62,4.89,1.35,11.23,3.81,8.34,2.95,0,0,49.666666666666664,1.087248322147651
828594,Michael Watson,440,Springfield Cardinals,2026,TEX,AA,P,24,46,0,4,4,52.2,49,35,29,6,37,72,4.96,1.63,12.30,6.32,8.37,1.95,1,3,52.666666666666664,1.0253164556962027
813820,Chen-Wei Lin,440,Springfield Cardinals,2026,TEX,AA,P,24,26,17,6,6,102.2,95,61,57,11,51,118,5.00,1.42,10.34,4.47,8.33,2.31,3,1,102.66666666666667,0.9642857142857142
687309,Cooper Hjerpe,440,Springfield Cardinals,2026,TEX,AA,P,25,5,5,0,1,14.1,8,8,8,2,12,25,5.02,1.40,15.70,7.53,5.02,2.08,0,0,14.333333333333334,1.255813953488372
694885,Ryan Murphy,440,Springfield Cardinals,2026,TEX,AA,P,26,10,0,2,0,14.1,11,9,8,3,4,19,5.02,1.05,11.93,2.51,6.91,4.75,2,0,14.333333333333334,1.883720930232558
701388,Jurrangelo Cijntje,440,Springfield Cardinals,2026,TEX,AA,P,23,17,17,3,4,80.1,69,49,45,14,40,100,5.04,1.36,11.20,4.48,7.73,2.50,0,0,80.33333333333333,1.5684647302904566
801078,Braden Davis,440,Springfield Cardinals,2026,TEX,AA,P,23,26,26,3,6,110.0,102,70,63,16,71,140,5.15,1.57,11.45,5.81,8.35,1.97,0,0,110.0,1.309090909090909
695003,Randel Clemente,440,Springfield Cardinals,2026,TEX,AA,P,24,43,0,4,2,49.1,35,31,29,5,45,92,5.29,1.62,16.78,8.21,6.39,2.04,6,3,49.333333333333336,0.9121621621621621
692404,Darlin Saladin,440,Springfield Cardinals,2026,TEX,AA,P,23,41,0,6,1,56.0,53,35,33,2,35,72,5.30,1.57,11.57,5.63,8.52,2.06,2,1,56.0,0.3214285714285714
822472,Domenic Picone,440,Springfield Cardinals,2026,TEX,AA,P,25,42,0,3,2,54.1,51,38,36,8,19,66,5.96,1.29,10.93,3.15,8.45,3.47,1,8,54.333333333333336,1.3251533742331287
820832,Blake Aita,440,Springfield Cardinals,2026,TEX,AA,P,23,10,9,2,3,54.0,66,41,36,13,14,43,6.00,1.48,7.17,2.33,11.00,3.07,0,0,54.0,2.1666666666666665
702119,Hunter Hayes,440,Springfield Cardinals,2026,TEX,AA,P,25,28,0,7,3,39.1,54,29,29,5,32,30,6.64,2.19,6.86,7.32,12.36,0.94,0,5,39.333333333333336,1.1440677966101696
800295,Nelfy Ynfante,440,Springfield Cardinals,2026,TEX,AA,P,21,7,0,0,2,13.0,9,10,10,4,9,7,6.92,1.38,4.85,6.23,6.23,0.78,0,0,13.0,2.769230769230769
683165,Joseph King,440,Springfield Cardinals,2026,TEX,AA,P,25,7,0,0,0,7.2,8,6,6,2,4,10,7.04,1.57,11.74,4.70,9.39,2.50,0,3,7.666666666666667,2.3478260869565215
802680,Tyler Bradt,440,Springfield Cardinals,2026,TEX,AA,P,25,10,0,2,1,11.0,11,12,11,1,15,6,9.00,2.36,4.91,12.27,9.00,0.40,0,1,11.0,0.8181818181818182
695835,Edwin Núñez,440,Springfield Cardinals,2026,TEX,AA,P,24,24,0,1,0,23.0,30,26,26,3,25,26,10.17,2.39,10.17,9.78,11.74,1.04,0,3,23.0,1.1739130434782608
681884,D.J. Carpenter,440,Springfield Cardinals,2026,TEX,AA,P,26,20,0,2,1,19.2,31,30,26,10,19,15,11.90,2.54,6.86,8.69,14.19,0.79,3,1,19.666666666666668,4.576271186440678
700669,Gordon Graceffo,235,Memphis Redbirds,2026,INT,AAA,P,26,1,0,0,0,1.1,0,0,0,0,1,1,0.00,0.75,6.75,6.75,0.00,1.00,1,0,1.3333333333333333,0.0
809100,Ixan Henderson,235,Memphis Redbirds,2026,INT,AAA,P,24,1,1,0,0,4.2,0,0,0,0,4,0,0.00,0.86,0.00,7.71,0.00,0.00,0,0,4.666666666666667,0.0
647378,Andy Yerzy,235,Memphis Redbirds,2026,INT,AAA,C,27,1,0,0,0,1.0,1,0,0,0,2,1,0.00,3.00,9.00,18.00,9.00,0.50,0,0,1.0,0.0
687309,Cooper Hjerpe,235,Memphis Redbirds,2026,INT,AAA,P,25,5,5,0,0,19.0,10,4,2,0,17,27,0.95,1.42,12.79,8.05,4.74,1.59,0,0,19.0,0.0
694335,Matt Svanson,235,Memphis Redbirds,2026,INT,AAA,P,27,22,0,2,1,23.1,17,6,4,0,5,28,1.54,0.94,10.80,1.93,6.56,5.60,2,5,23.333333333333332,0.0
690916,Richard Fitts,235,Memphis Redbirds,2026,INT,AAA,P,26,3,3,2,0,15.1,13,3,3,0,6,11,1.76,1.24,6.46,3.52,7.63,1.83,0,0,15.333333333333334,0.0
811139,Sandro Santana,235,Memphis Redbirds,2026,INT,AAA,P,21,7,0,0,0,9.0,1,2,2,0,8,13,2.00,1.00,13.00,8.00,1.00,1.63,0,3,9.0,0.0
703725,Luis Gastelum,235,Memphis Redbirds,2026,INT,AAA,P,24,36,0,7,1,43.2,26,12,11,2,17,49,2.27,0.98,10.10,3.50,5.36,2.88,3,5,43.666666666666664,0.4122137404580153
822410,Bobby Olsen,235,Memphis Redbirds,2026,INT,AAA,P,24,4,1,0,1,6.2,6,3,2,0,3,9,2.70,1.35,12.15,4.05,8.10,3.00,0,1,6.666666666666667,0.0
673257,Victor Santos,235,Memphis Redbirds,2026,INT,AAA,P,25,10,0,0,1,15.2,10,6,5,1,9,14,2.87,1.21,8.04,5.17,5.74,1.56,0,0,15.666666666666666,0.574468085106383
691008,Max Rajcic,235,Memphis Redbirds,2026,INT,AAA,P,24,26,1,4,2,40.2,31,16,13,5,14,46,2.88,1.11,10.18,3.10,6.86,3.29,5,3,40.666666666666664,1.1065573770491803
675919,Nick Raquet,235,Memphis Redbirds,2026,INT,AAA,P,30,2,0,1,0,3.0,3,1,1,0,0,3,3.00,1.00,9.00,0.00,9.00,-.--,0,1,3.0,0.0
681676,Ryan Fernandez,235,Memphis Redbirds,2026,INT,AAA,P,28,35,0,4,3,38.2,33,17,14,4,15,37,3.26,1.24,8.61,3.49,7.68,2.47,2,4,38.666666666666664,0.9310344827586208
687273,Quinn Mathews,235,Memphis Redbirds,2026,INT,AAA,P,25,21,21,5,4,99.0,61,42,36,13,61,120,3.27,1.23,10.91,5.55,5.55,1.97,0,0,99.0,1.1818181818181819
690155,Matt Pushard,235,Memphis Redbirds,2026,INT,AAA,P,28,11,0,1,1,12.2,12,7,5,1,6,10,3.55,1.42,7.11,4.26,8.53,1.67,1,2,12.666666666666666,0.7105263157894738
669145,Bruce Zimmermann,235,Memphis Redbirds,2026,INT,AAA,P,31,15,15,5,3,78.2,79,36,33,14,21,84,3.78,1.27,9.61,2.40,9.04,4.00,0,0,78.66666666666667,1.6016949152542372
802408,Brycen Mautz,235,Memphis Redbirds,2026,INT,AAA,P,24,31,16,1,6,85.2,69,45,36,8,65,89,3.78,1.56,9.35,6.83,7.25,1.37,0,2,85.66666666666667,0.8404669260700389
684516,Hancel Rincon,235,Memphis Redbirds,2026,INT,AAA,P,24,46,3,7,6,77.2,62,40,33,11,32,101,3.82,1.21,11.70,3.71,7.18,3.16,1,3,77.66666666666667,1.2746781115879828
676050,Packy Naughton,235,Memphis Redbirds,2026,INT,AAA,P,30,3,0,1,0,2.1,2,1,1,0,0,3,3.86,0.86,11.57,0.00,7.71,-.--,0,0,2.3333333333333335,0.0
690928,Hunter Dobbins,235,Memphis Redbirds,2026,INT,AAA,P,26,13,13,5,1,62.2,66,37,29,7,22,47,4.16,1.40,6.75,3.16,9.48,2.14,0,0,62.666666666666664,1.0053191489361704
695766,Mason Molina,235,Memphis Redbirds,2026,INT,AAA,P,22,13,13,5,2,54.2,51,27,27,6,27,68,4.45,1.43,11.20,4.45,8.40,2.52,0,0,54.666666666666664,0.9878048780487805
677337,Pete Hansen,235,Memphis Redbirds,2026,INT,AAA,P,25,26,20,4,5,101.1,104,57,51,11,35,95,4.53,1.37,8.44,3.11,9.24,2.71,0,0,101.33333333333333,0.9769736842105263
685464,Cade Winquest,235,Memphis Redbirds,2026,INT,AAA,P,26,33,0,3,1,39.2,32,21,20,4,14,57,4.54,1.16,12.93,3.18,7.26,4.07,0,1,39.666666666666664,0.907563025210084
701388,Jurrangelo Cijntje,235,Memphis Redbirds,2026,INT,AAA,P,23,11,11,2,5,52.2,49,28,27,2,27,62,4.61,1.44,10.59,4.61,8.37,2.30,0,0,52.666666666666664,0.34177215189873417
825576,Brandt Thompson,235,Memphis Redbirds,2026,INT,AAA,P,23,16,11,4,3,67.2,80,42,36,6,28,67,4.79,1.60,8.91,3.72,10.64,2.39,0,0,67.66666666666667,0.7980295566502462
656240,Scott Blewett,235,Memphis Redbirds,2026,INT,AAA,P,30,37,2,4,1,48.2,62,29,28,5,19,63,5.18,1.66,11.65,3.51,11.47,3.32,6,5,48.666666666666664,0.9246575342465754
694363,Jared Shuster,235,Memphis Redbirds,2026,INT,AAA,P,27,37,3,6,4,63.2,73,45,40,12,25,64,5.65,1.54,9.05,3.53,10.32,2.56,1,1,63.666666666666664,1.6963350785340314
664687,Durbin Feltman,235,Memphis Redbirds,2026,INT,AAA,P,29,6,0,0,0,6.1,7,4,4,2,4,10,5.68,1.74,14.21,5.68,9.95,2.50,0,0,6.333333333333333,2.842105263157895
688297,Chris Roycroft,235,Memphis Redbirds,2026,INT,AAA,P,29,23,0,0,2,24.2,31,18,16,1,8,19,5.84,1.58,6.93,2.92,11.31,2.38,2,3,24.666666666666668,0.3648648648648648
642575,Gerson Moreno,235,Memphis Redbirds,2026,INT,AAA,P,30,6,0,0,0,6.0,9,4,4,2,5,6,6.00,2.33,9.00,7.50,13.50,1.20,0,2,6.0,3.0
813766,Skylar Hales,235,Memphis Redbirds,2026,INT,AAA,P,24,39,0,1,3,44.0,55,32,31,6,31,47,6.34,1.95,9.61,6.34,11.25,1.52,1,4,44.0,1.227272727272727
676596,Josh Fleming,235,Memphis Redbirds,2026,INT,AAA,P,30,6,6,1,2,29.2,35,21,21,9,9,18,6.37,1.48,5.46,2.73,10.62,2.00,0,0,29.666666666666668,2.730337078651685
693311,Tink Hence,235,Memphis Redbirds,2026,INT,AAA,P,23,19,3,1,3,20.1,19,16,15,4,18,20,6.64,1.82,8.85,7.97,8.41,1.11,0,1,20.333333333333332,1.7704918032786887
694885,Ryan Murphy,235,Memphis Redbirds,2026,INT,AAA,P,26,37,1,5,2,50.1,59,42,39,10,35,53,6.97,1.87,9.48,6.26,10.55,1.51,2,1,50.333333333333336,1.7880794701986753
669697,Andrew Schultz,235,Memphis Redbirds,2026,INT,AAA,P,28,8,0,0,0,9.1,5,8,8,0,15,15,7.71,2.14,14.46,14.46,4.82,1.00,0,1,9.333333333333334,0.0
676153,Austin Love,235,Memphis Redbirds,2026,INT,AAA,P,27,28,0,2,2,32.2,40,35,30,2,32,37,8.27,2.20,10.19,8.82,11.02,1.16,1,2,32.666666666666664,0.5510204081632654
657265,Peter Strzelecki,235,Memphis Redbirds,2026,INT,AAA,P,31,3,0,0,0,3.2,6,4,4,3,1,5,9.82,1.91,12.27,2.45,14.73,5.00,0,0,3.6666666666666665,7.363636363636364
678016,Ian Bedell,235,Memphis Redbirds,2026,INT,AAA,P,26,11,1,0,0,18.1,27,24,24,2,21,19,11.78,2.62,9.33,10.31,13.25,0.90,1,0,18.333333333333332,0.9818181818181819
691013,Jason Savacool,235,Memphis Redbirds,2026,INT,AAA,P,24,3,0,0,1,3.1,12,13,11,2,4,2,29.70,4.80,5.40,10.80,32.40,0.50,0,0,3.3333333333333335,5.3999999999999995
702331,Noah Mendlinger,235,Memphis Redbirds,2026,INT,AAA,2B,25,2,0,0,1,1.1,5,5,5,2,1,0,33.75,4.50,0.00,6.75,33.75,0.00,0,0,1.3333333333333333,13.5
803679,Sammy Hernandez,443,Peoria Chiefs,2026,MID,A+,C,22,2,0,0,0,0.2,0,0,0,0,0,0,0.00,0.00,0.00,0.00,0.00,-.--,0,0,0.6666666666666666,0.0
699575,Zeke Wood,443,Peoria Chiefs,2026,MID,A+,P,26,9,0,1,1,10.2,5,2,1,1,11,6,0.84,1.50,5.06,9.28,4.22,0.55,0,2,10.666666666666666,0.84375
827265,Cade Crossland,443,Peoria Chiefs,2026,MID,A+,P,22,5,5,2,0,25.1,15,5,4,0,12,29,1.42,1.07,10.30,4.26,5.33,2.42,0,0,25.333333333333332,0.0
807555,Liam Best,443,Peoria Chiefs,2026,MID,A+,P,22,7,0,0,0,7.0,3,2,2,1,4,8,2.57,1.00,10.29,5.14,3.86,2.00,0,1,7.0,1.2857142857142856
802371,Christian Worley,443,Peoria Chiefs,2026,MID,A+,P,24,39,0,5,2,52.1,39,23,18,7,30,71,3.10,1.32,12.21,5.16,6.71,2.37,3,2,52.333333333333336,1.2038216560509554
700251,Brandon Clarke,443,Peoria Chiefs,2026,MID,A+,P,23,5,5,0,1,18.1,9,8,7,1,9,27,3.44,0.98,13.25,4.42,4.42,3.00,0,0,18.333333333333332,0.49090909090909096
681884,D.J. Carpenter,443,Peoria Chiefs,2026,MID,A+,P,26,14,0,1,0,15.0,13,7,6,1,7,18,3.60,1.33,10.80,4.20,7.80,2.57,1,2,15.0,0.6
800295,Nelfy Ynfante,443,Peoria Chiefs,2026,MID,A+,P,21,9,0,2,1,14.1,14,7,6,1,6,18,3.77,1.40,11.30,3.77,8.79,3.00,2,1,14.333333333333334,0.627906976744186
813838,Jacob Odle,443,Peoria Chiefs,2026,MID,A+,P,22,15,15,3,4,63.0,42,28,27,8,49,92,3.86,1.44,13.14,7.00,6.00,1.88,0,0,63.0,1.1428571428571428
820832,Blake Aita,443,Peoria Chiefs,2026,MID,A+,P,23,14,14,2,3,57.1,57,26,25,9,26,67,3.92,1.45,10.52,4.08,8.95,2.58,0,0,57.333333333333336,1.4127906976744187
701509,Brian Holiday,443,Peoria Chiefs,2026,MID,A+,P,23,3,3,0,1,16.0,11,8,7,3,4,12,3.94,0.94,6.75,2.25,6.19,3.00,0,0,16.0,1.6875
823369,Yhoiker Fajardo,443,Peoria Chiefs,2026,MID,A+,P,19,18,16,2,5,76.1,76,38,34,11,26,106,4.01,1.34,12.50,3.07,8.96,4.08,0,0,76.33333333333333,1.296943231441048
701469,Jack Findlay,443,Peoria Chiefs,2026,MID,A+,P,23,7,0,2,1,6.2,7,4,3,0,2,9,4.05,1.35,12.15,2.70,9.45,4.50,0,1,6.666666666666667,0.0
815119,Tanner Franklin,443,Peoria Chiefs,2026,MID,A+,P,22,19,19,4,4,72.2,59,39,34,9,32,91,4.21,1.25,11.27,3.96,7.31,2.84,0,0,72.66666666666667,1.1146788990825687
692401,Gerardo Salas,443,Peoria Chiefs,2026,MID,A+,P,23,38,0,5,3,62.2,60,41,36,12,24,60,5.17,1.34,8.62,3.45,8.62,2.50,1,5,62.666666666666664,1.7234042553191489
822956,Jack Martinez,443,Peoria Chiefs,2026,MID,A+,P,23,8,7,2,3,33.0,30,25,19,6,17,35,5.18,1.42,9.55,4.64,8.18,2.06,0,0,33.0,1.6363636363636365
691013,Jason Savacool,443,Peoria Chiefs,2026,MID,A+,P,24,20,0,1,1,26.0,30,18,15,7,18,32,5.19,1.85,11.08,6.23,10.38,1.78,1,1,26.0,2.423076923076923
823129,Trey Pooser,443,Peoria Chiefs,2026,MID,A+,P,24,14,0,0,0,19.0,23,12,11,4,8,15,5.21,1.63,7.11,3.79,10.89,1.88,1,3,19.0,1.894736842105263
808048,Rubén Menes,443,Peoria Chiefs,2026,MID,A+,P,24,31,0,4,3,51.2,53,33,30,6,32,47,5.23,1.65,8.19,5.57,9.23,1.47,3,2,51.666666666666664,1.0451612903225806
822463,Nolan Sparks,443,Peoria Chiefs,2026,MID,A+,P,23,24,3,5,5,48.0,51,30,28,5,21,51,5.25,1.50,9.56,3.94,9.56,2.43,1,1,48.0,0.9375
691711,Jawilme Ramírez,443,Peoria Chiefs,2026,MID,A+,P,24,28,0,2,3,36.0,41,23,22,7,18,41,5.50,1.64,10.25,4.50,10.25,2.28,1,2,36.0,1.75
807549,Ty Van Dyke,443,Peoria Chiefs,2026,MID,A+,P,22,16,13,3,5,70.2,72,47,44,9,35,72,5.60,1.51,9.17,4.46,9.17,2.06,0,0,70.66666666666667,1.1462264150943395
673257,Victor Santos,443,Peoria Chiefs,2026,MID,A+,P,25,3,0,0,1,3.0,4,2,2,1,2,2,6.00,2.00,6.00,6.00,12.00,1.00,0,0,3.0,3.0
822410,Bobby Olsen,443,Peoria Chiefs,2026,MID,A+,P,24,39,0,4,1,56.2,79,42,42,10,24,64,6.67,1.82,10.16,3.81,12.55,2.67,5,5,56.666666666666664,1.5882352941176472
702642,Patrick Galle,443,Peoria Chiefs,2026,MID,A+,P,22,37,0,2,3,41.2,44,35,32,3,37,43,6.91,1.94,9.29,7.99,9.50,1.16,5,1,41.666666666666664,0.6480000000000001
692369,José Davila,443,Peoria Chiefs,2026,MID,A+,P,23,15,0,0,0,19.1,20,15,15,1,12,27,6.98,1.66,12.57,5.59,9.31,2.25,1,2,19.333333333333332,0.4655172413793104
800320,Leonel Sequera,443,Peoria Chiefs,2026,MID,A+,P,20,18,18,2,5,79.2,100,73,64,17,38,89,7.23,1.73,10.05,4.29,11.30,2.34,0,0,79.66666666666667,1.920502092050209
702296,Nate Dohm,443,Peoria Chiefs,2026,MID,A+,P,23,24,13,2,7,59.1,68,51,49,9,40,64,7.43,1.82,9.71,6.07,10.31,1.60,0,1,59.333333333333336,1.3651685393258426
701569,Aaron Holiday,443,Peoria Chiefs,2026,MID,A+,P,26,8,0,1,0,10.0,11,15,9,3,11,10,8.10,2.20,9.00,9.90,9.90,0.91,0,1,10.0,2.6999999999999997
802683,Dominic Freeberger,443,Peoria Chiefs,2026,MID,A+,P,26,31,0,3,2,35.1,36,33,33,9,32,55,8.41,1.92,14.01,8.15,9.17,1.72,4,1,35.333333333333336,2.292452830188679
813291,Sam Brodersen,443,Peoria Chiefs,2026,MID,A+,P,24,8,0,0,0,8.0,12,9,9,2,9,11,10.13,2.63,12.38,10.13,13.50,1.22,0,0,8.0,2.25
834897,Dylan Driessen,443,Peoria Chiefs,2026,MID,A+,P,21,15,0,2,3,18.0,29,26,22,3,18,20,11.00,2.61,10.00,9.00,14.50,1.11,0,3,18.0,1.5
701374,Zack Showalter,443,Peoria Chiefs,2026,MID,A+,P,22,8,0,1,0,8.2,17,16,15,4,7,10,15.58,2.77,10.38,7.27,17.65,1.43,0,0,8.666666666666666,4.153846153846154
