player_id,player_name,team_id,team_name,league,level,position,age,games,plate_appearances,at_bats,hits,runs,doubles,triples,home_runs,rbi,walks,strikeouts,avg,obp,slg,ops,stolen_bases,caught_stealing,babip,total_bases,pa,k_rate,bb_rate,iso,sample_size
663457,Lars Nootbaar,279,Palm Beach Cardinals,FSL,A,LF,28,2,4,3,2,2,0,0,1,1,1,1,.667,.750,1.667,2.417,0,0,1.000,5,4,0.25,0.25,1.0,Very small
809633,Michael Dattalo,279,Palm Beach Cardinals,FSL,A,3B,22,31,136,114,42,15,9,0,1,21,18,14,.368,.463,.474,.937,3,0,.410,54,136,0.10294117647058823,0.1323529411764706,0.10599999999999998,Large
825891,Trevor Condon,279,Palm Beach Cardinals,FSL,A,CF,18,7,31,28,9,3,3,0,1,5,3,6,.321,.387,.536,.923,2,1,.381,15,31,0.1935483870967742,0.0967741935483871,0.21500000000000002,Small
692564,Johnfrank Salazar,279,Palm Beach Cardinals,FSL,A,1B,22,22,92,82,26,19,9,0,1,12,8,20,.317,.391,.463,.854,4,1,.410,38,92,0.21739130434782608,0.08695652173913043,0.14600000000000002,Moderate
829791,Miguel Hernández,279,Palm Beach Cardinals,FSL,A,2B,18,25,103,79,24,16,7,1,2,8,20,27,.304,.466,.494,.960,7,3,.440,39,103,0.2621359223300971,0.1941747572815534,0.19,Large
699031,Anyelo Encarnación,279,Palm Beach Cardinals,FSL,A,2B,22,2,7,7,2,0,0,0,0,0,0,3,.286,.286,.286,.572,1,1,.500,2,7,0.42857142857142855,0.0,0.0,Very small
814761,Gabe Camacho,279,Palm Beach Cardinals,FSL,A,1B,20,24,89,78,22,12,8,0,1,10,3,18,.282,.371,.423,.794,1,0,.356,33,89,0.20224719101123595,0.033707865168539325,0.14100000000000001,Moderate
821107,Yairo Padilla,279,Palm Beach Cardinals,FSL,A,DH,19,29,128,114,32,15,9,2,3,23,13,24,.281,.354,.474,.828,10,6,.333,54,128,0.1875,0.1015625,0.19299999999999995,Large
834681,Matthew Miura,279,Palm Beach Cardinals,FSL,A,CF,22,60,253,208,58,36,9,1,3,31,41,31,.279,.403,.375,.778,22,5,.314,78,253,0.1225296442687747,0.16205533596837945,0.09599999999999997,Large
813668,Jack Gurevitch,279,Palm Beach Cardinals,FSL,A,1B,22,28,128,106,29,19,10,0,6,28,20,39,.274,.398,.538,.936,0,3,.377,57,128,0.3046875,0.15625,0.264,Large
800266,Yordalin Peña,279,Palm Beach Cardinals,FSL,A,RF,21,82,339,302,82,56,26,2,15,58,25,100,.272,.334,.520,.854,21,3,.349,157,339,0.2949852507374631,0.07374631268436578,0.248,Large
800728,Cameron Nickens,279,Palm Beach Cardinals,FSL,A,LF,22,28,116,87,23,22,6,0,2,14,24,27,.264,.431,.402,.833,2,2,.350,35,116,0.23275862068965517,0.20689655172413793,0.138,Large
690971,Chase Davis,279,Palm Beach Cardinals,FSL,A,RF,24,4,18,12,3,3,0,0,1,4,6,4,.250,.500,.500,1.000,0,0,.286,6,18,0.2222222222222222,0.3333333333333333,0.25,Very small
814413,Ian Petrutz,279,Palm Beach Cardinals,FSL,A,LF,23,11,45,40,10,7,2,0,2,10,3,6,.250,.333,.450,.783,0,1,.250,18,45,0.13333333333333333,0.06666666666666667,0.2,Small
825484,Alexander Frias,279,Palm Beach Cardinals,FSL,A,RF,18,25,110,93,23,15,4,1,2,11,13,30,.247,.355,.376,.731,6,1,.339,35,110,0.2727272727272727,0.11818181818181818,0.129,Large
829670,Brayden Smith,279,Palm Beach Cardinals,FSL,A,2B,22,81,356,296,73,54,12,5,8,32,50,93,.247,.363,.402,.765,28,5,.328,119,356,0.2612359550561798,0.1404494382022472,0.15500000000000003,Large
829741,Sebastian Dos Santos,279,Palm Beach Cardinals,FSL,A,SS,18,55,255,199,49,47,8,0,10,36,44,60,.246,.400,.437,.837,18,4,.295,87,255,0.23529411764705882,0.17254901960784313,0.191,Large
821036,Cristofer Lebrón,279,Palm Beach Cardinals,FSL,A,3B,19,15,58,53,13,5,0,0,0,2,4,23,.245,.293,.245,.538,7,2,.419,13,58,0.39655172413793105,0.06896551724137931,0.0,Moderate
808263,Daniel Rojas,279,Palm Beach Cardinals,FSL,A,LF,20,5,21,21,5,1,1,0,0,0,0,7,.238,.238,.286,.524,0,0,.357,6,21,0.3333333333333333,0.0,0.04799999999999999,Very small
695579,Trevor Haskins,279,Palm Beach Cardinals,FSL,A,2B,23,96,376,324,77,56,25,1,12,49,39,114,.238,.335,.432,.767,23,5,.323,140,376,0.30319148936170215,0.10372340425531915,0.194,Large
829077,Kenly Hunter,279,Palm Beach Cardinals,FSL,A,CF,18,3,14,13,3,2,0,0,0,1,0,3,.231,.286,.231,.517,1,1,.300,3,14,0.21428571428571427,0.0,0.0,Very small
815829,Ryan Mitchell,279,Palm Beach Cardinals,FSL,A,CF,19,107,496,386,89,81,9,2,13,51,100,164,.231,.389,.365,.754,41,12,.353,141,496,0.33064516129032256,0.20161290322580644,0.13399999999999998,Large
805550,Ryan Weingartner,279,Palm Beach Cardinals,FSL,A,SS,21,85,382,310,70,58,11,1,12,54,63,84,.226,.366,.384,.750,33,8,.269,119,382,0.2198952879581152,0.1649214659685864,0.158,Large
813488,Jayden Lobliner,279,Palm Beach Cardinals,FSL,A,C,22,14,54,50,11,6,0,0,4,10,3,24,.220,.278,.460,.738,1,0,.318,23,54,0.4444444444444444,0.05555555555555555,0.24000000000000002,Moderate
703158,Jonathan Mejía,279,Palm Beach Cardinals,FSL,A,SS,21,76,321,255,56,45,10,3,12,53,59,88,.220,.368,.424,.792,9,6,.277,108,321,0.27414330218068533,0.1838006230529595,0.204,Large
842711,Owen Henne,279,Palm Beach Cardinals,FSL,A,2B,21,16,67,55,12,13,4,0,4,15,9,11,.218,.358,.509,.867,1,0,.200,28,67,0.16417910447761194,0.13432835820895522,0.29100000000000004,Moderate
823651,J.P. Cabrera,279,Palm Beach Cardinals,FSL,A,C,19,25,100,89,19,14,6,0,1,13,7,22,.213,.278,.315,.593,1,0,.273,28,100,0.22,0.07,0.10200000000000001,Large
812430,Heriberto Caraballo,279,Palm Beach Cardinals,FSL,A,1B,21,46,179,151,32,26,2,1,5,17,20,45,.212,.324,.338,.662,1,3,.262,51,179,0.25139664804469275,0.11173184357541899,0.12600000000000003,Large
800840,Chase Heath,279,Palm Beach Cardinals,FSL,A,C,22,72,294,257,52,32,13,0,6,29,31,71,.202,.299,.323,.622,6,4,.254,83,294,0.24149659863945577,0.1054421768707483,0.121,Large
700720,Luis Pino,279,Palm Beach Cardinals,FSL,A,RF,22,18,64,56,11,9,3,0,0,5,4,24,.196,.270,.250,.520,2,2,.333,14,64,0.375,0.0625,0.05399999999999999,Moderate
802469,Travis Honeyman,279,Palm Beach Cardinals,FSL,A,LF,24,8,33,26,5,4,1,0,1,2,4,5,.192,.364,.346,.710,1,1,.200,9,33,0.15151515151515152,0.12121212121212122,0.15399999999999997,Small
802353,Christian Martin,279,Palm Beach Cardinals,FSL,A,3B,23,21,84,64,12,11,4,1,0,5,19,8,.188,.369,.281,.650,4,3,.211,18,84,0.09523809523809523,0.2261904761904762,0.09300000000000003,Moderate
801130,Alex Birge,279,Palm Beach Cardinals,FSL,A,C,23,44,176,149,26,24,6,1,4,30,21,66,.174,.301,.309,.610,3,1,.278,46,176,0.375,0.11931818181818182,0.135,Large
808278,Facundo Velásquez,279,Palm Beach Cardinals,FSL,A,LF,20,20,73,63,10,9,2,1,3,11,10,31,.159,.274,.365,.639,2,3,.241,23,73,0.4246575342465753,0.136986301369863,0.206,Moderate
806131,Dee Kennedy,279,Palm Beach Cardinals,FSL,A,2B,21,21,92,77,11,12,2,0,1,5,13,20,.143,.283,.208,.491,6,1,.179,16,92,0.21739130434782608,0.14130434782608695,0.065,Moderate
834989,Kaden Echeman,279,Palm Beach Cardinals,FSL,A,P,23,31,0,0,0,0,0,0,0,0,0,0,.000,.000,.000,.000,0,0,.---,0,0,,,0.0,Very small
811765,Deniel Ortiz,279,Palm Beach Cardinals,FSL,A,3B,21,4,20,12,0,3,0,0,0,1,5,5,.000,.400,.000,.400,3,0,.000,0,20,0.25,0.25,0.0,Very small
690914,Brody Moore,440,Springfield Cardinals,TEX,AA,SS,25,23,95,88,34,17,5,0,2,12,5,14,.386,.411,.511,.922,8,0,.432,45,95,0.14736842105263157,0.05263157894736842,0.125,Moderate
801629,Cade McGee,440,Springfield Cardinals,TEX,AA,2B,23,10,42,36,12,10,2,1,3,7,6,8,.333,.429,.694,1.123,1,0,.360,25,42,0.19047619047619047,0.14285714285714285,0.36099999999999993,Small
823787,Rainiel Rodriguez,440,Springfield Cardinals,TEX,AA,C,19,87,402,345,113,74,22,0,23,66,41,77,.328,.408,.591,.999,7,6,.359,204,402,0.19154228855721392,0.10199004975124377,0.26299999999999996,Large
692446,Miguel Villarroel,440,Springfield Cardinals,TEX,AA,3B,24,12,46,43,14,8,1,1,1,4,3,13,.326,.370,.465,.835,3,0,.448,20,46,0.2826086956521739,0.06521739130434782,0.139,Small
806191,Tai Peete,440,Springfield Cardinals,TEX,AA,CF,20,21,100,94,30,24,5,1,3,16,6,23,.319,.360,.489,.849,4,2,.397,46,100,0.23,0.06,0.16999999999999998,Large
800305,Jesús  Báez,440,Springfield Cardinals,TEX,AA,SS,21,59,257,234,74,48,10,0,25,68,10,41,.316,.354,.679,1.033,3,2,.282,159,257,0.15953307392996108,0.038910505836575876,0.36300000000000004,Large
814413,Ian Petrutz,440,Springfield Cardinals,TEX,AA,LF,23,7,27,27,8,4,1,1,2,11,0,6,.296,.296,.630,.926,0,0,.316,17,27,0.2222222222222222,0.0,0.334,Small
802469,Travis Honeyman,440,Springfield Cardinals,TEX,AA,RF,24,71,296,256,72,50,5,2,8,30,33,49,.281,.375,.410,.785,25,5,.320,105,296,0.16554054054054054,0.11148648648648649,0.12899999999999995,Large
811765,Deniel Ortiz,440,Springfield Cardinals,TEX,AA,3B,21,62,266,215,60,37,12,0,10,41,40,49,.279,.392,.474,.866,9,4,.309,102,266,0.18421052631578946,0.15037593984962405,0.19499999999999995,Large
702331,Noah Mendlinger,440,Springfield Cardinals,TEX,AA,2B,25,43,199,159,44,25,10,0,2,26,32,18,.277,.402,.377,.779,2,4,.294,60,199,0.09045226130653267,0.16080402010050251,0.09999999999999998,Large
692390,Jose Cordoba,440,Springfield Cardinals,TEX,AA,RF,23,9,36,33,9,8,1,0,4,7,2,6,.273,.314,.667,.981,2,0,.217,22,36,0.16666666666666666,0.05555555555555555,0.394,Small
800231,Won-Bin Cho,440,Springfield Cardinals,TEX,AA,RF,22,54,221,184,50,34,9,0,12,35,35,45,.272,.389,.516,.905,7,3,.297,95,221,0.20361990950226244,0.1583710407239819,0.244,Large
693832,Tre Richardson III,440,Springfield Cardinals,TEX,AA,2B,24,59,241,212,57,48,10,0,8,24,27,61,.269,.357,.429,.786,22,2,.343,91,241,0.25311203319502074,0.11203319502074689,0.15999999999999998,Large
701481,Ryan Campos,440,Springfield Cardinals,TEX,AA,C,23,111,477,394,102,69,19,0,12,60,69,111,.259,.379,.398,.777,17,2,.327,157,477,0.23270440251572327,0.14465408805031446,0.139,Large
813668,Jack Gurevitch,440,Springfield Cardinals,TEX,AA,1B,22,32,141,132,34,20,5,0,9,25,5,55,.258,.298,.500,.798,0,1,.362,66,141,0.3900709219858156,0.03546099290780142,0.242,Large
703766,Dakota Harris,440,Springfield Cardinals,TEX,AA,3B,24,100,394,343,87,58,13,2,12,61,43,82,.254,.341,.408,.749,28,3,.298,140,394,0.20812182741116753,0.10913705583756345,0.15399999999999997,Large
800840,Chase Heath,440,Springfield Cardinals,TEX,AA,DH,22,6,21,20,5,2,0,0,0,0,1,7,.250,.286,.250,.536,1,0,.385,5,21,0.3333333333333333,0.047619047619047616,0.0,Very small
692405,Jeremy Rivas,440,Springfield Cardinals,TEX,AA,SS,23,37,143,122,30,20,5,0,5,22,16,31,.246,.343,.410,.753,11,1,.284,50,143,0.21678321678321677,0.11188811188811189,0.16399999999999998,Large
822501,Jon Jon Gazdar,440,Springfield Cardinals,TEX,AA,2B,24,91,398,333,80,48,13,0,8,45,44,50,.240,.348,.351,.699,13,0,.256,117,398,0.12562814070351758,0.11055276381909548,0.11099999999999999,Large
828824,Josiah Ragsdale,440,Springfield Cardinals,TEX,AA,CF,22,30,141,117,28,25,4,1,5,14,19,36,.239,.355,.419,.774,6,0,.295,49,141,0.2553191489361702,0.1347517730496454,0.18,Large
690971,Chase Davis,440,Springfield Cardinals,TEX,AA,CF,24,37,156,130,30,24,4,0,8,24,26,38,.231,.359,.446,.805,9,1,.262,58,156,0.24358974358974358,0.16666666666666666,0.215,Large
692568,Miguel Ugueto,440,Springfield Cardinals,TEX,AA,CF,23,78,334,306,69,43,20,3,5,37,15,66,.225,.278,.359,.637,24,6,.268,110,334,0.19760479041916168,0.04491017964071856,0.13399999999999998,Large
804241,Zach Levenson,440,Springfield Cardinals,TEX,AA,LF,24,86,343,291,64,39,15,0,11,41,44,88,.220,.330,.385,.715,3,2,.273,112,343,0.2565597667638484,0.1282798833819242,0.165,Large
701800,Carlos Linarez,440,Springfield Cardinals,TEX,AA,1B,24,13,44,41,9,5,3,0,0,5,2,17,.220,.273,.293,.566,3,0,.375,12,44,0.38636363636363635,0.045454545454545456,0.07299999999999998,Small
813852,Trey Paige,440,Springfield Cardinals,TEX,AA,1B,25,62,250,207,44,26,10,1,5,29,37,59,.213,.336,.343,.679,15,3,.267,71,250,0.236,0.148,0.13000000000000003,Large
815104,Graysen Tarlow,440,Springfield Cardinals,TEX,AA,DH,24,35,135,113,24,14,6,0,4,15,16,36,.212,.326,.372,.698,4,0,.267,42,135,0.26666666666666666,0.11851851851851852,0.16,Large
801187,Chase Adkison,440,Springfield Cardinals,TEX,AA,1B,26,5,18,17,3,2,2,0,1,2,0,3,.176,.167,.471,.638,0,0,.143,8,18,0.16666666666666666,0.0,0.295,Very small
663457,Lars Nootbaar,440,Springfield Cardinals,TEX,AA,LF,28,4,17,12,2,1,1,0,0,1,5,2,.167,.412,.250,.662,0,0,.200,3,17,0.11764705882352941,0.29411764705882354,0.08299999999999999,Very small
700720,Luis Pino,440,Springfield Cardinals,TEX,AA,RF,22,6,24,20,2,4,0,0,0,2,4,7,.100,.250,.100,.350,0,0,.154,2,24,0.2916666666666667,0.16666666666666666,0.0,Very small
813852,Trey Paige,235,Memphis Redbirds,INT,AAA,1B,25,14,59,53,18,10,2,2,2,12,5,8,.340,.407,.566,.973,1,0,.372,30,59,0.13559322033898305,0.0847457627118644,0.22599999999999992,Moderate
663494,Bryan Torres,235,Memphis Redbirds,INT,AAA,2B,28,36,166,128,43,24,10,1,2,16,29,25,.336,.454,.477,.931,10,2,.390,61,166,0.15060240963855423,0.1746987951807229,0.14099999999999996,Large
677592,Everson Pereira,235,Memphis Redbirds,INT,AAA,CF,25,3,11,9,3,1,0,0,0,1,2,4,.333,.455,.333,.788,0,0,.600,3,11,0.36363636363636365,0.18181818181818182,0.0,Very small
691458,Blaze Jordan,235,Memphis Redbirds,INT,AAA,3B,23,57,252,230,72,37,19,1,11,35,19,29,.313,.373,.548,.921,2,2,.321,126,252,0.11507936507936507,0.07539682539682539,0.23500000000000004,Large
804241,Zach Levenson,235,Memphis Redbirds,INT,AAA,RF,24,15,67,61,19,12,3,0,5,19,5,18,.311,.373,.607,.980,0,0,.368,37,67,0.26865671641791045,0.07462686567164178,0.296,Moderate
693409,César Prieto,235,Memphis Redbirds,INT,AAA,2B,27,85,360,319,99,49,22,1,12,46,25,46,.310,.367,.498,.865,6,2,.323,159,360,0.12777777777777777,0.06944444444444445,0.188,Large
815104,Graysen Tarlow,235,Memphis Redbirds,INT,AAA,C,24,14,51,43,13,10,4,0,0,7,5,6,.302,.373,.395,.768,1,0,.333,17,51,0.11764705882352941,0.09803921568627451,0.09300000000000003,Moderate
699625,Jimmy Crooks,235,Memphis Redbirds,INT,AAA,C,24,52,236,190,57,46,7,0,15,38,39,67,.300,.432,.574,1.006,2,0,.385,109,236,0.2838983050847458,0.1652542372881356,0.27399999999999997,Large
680636,Ramon Mendoza,235,Memphis Redbirds,INT,AAA,3B,25,115,463,405,118,68,28,2,9,50,49,85,.291,.380,.437,.817,2,1,.350,177,463,0.183585313174946,0.10583153347732181,0.14600000000000002,Large
702331,Noah Mendlinger,235,Memphis Redbirds,INT,AAA,2B,25,74,255,214,61,25,10,2,2,24,29,32,.285,.387,.379,.766,1,1,.324,81,255,0.12549019607843137,0.11372549019607843,0.09400000000000003,Large
699024,Leo Bernal,235,Memphis Redbirds,INT,AAA,C,22,101,432,374,104,67,19,2,16,77,51,86,.278,.363,.468,.831,9,7,.318,175,432,0.19907407407407407,0.11805555555555555,0.19,Large
807742,Colton Ledbetter,235,Memphis Redbirds,INT,AAA,RF,24,113,477,427,115,77,23,3,13,55,42,131,.269,.338,.429,.767,26,6,.355,183,477,0.2746331236897275,0.0880503144654088,0.15999999999999998,Large
695336,Thomas Saggese,235,Memphis Redbirds,INT,AAA,SS,24,55,249,213,55,35,10,0,10,33,26,56,.258,.340,.446,.786,9,1,.296,95,249,0.2248995983935743,0.10441767068273092,0.188,Large
695491,Joshua Báez,235,Memphis Redbirds,INT,AAA,CF,23,103,461,410,105,79,22,3,34,90,37,136,.256,.328,.573,.901,21,3,.290,235,461,0.2950108459869848,0.08026030368763558,0.31699999999999995,Large
689288,Matt Koperniak,235,Memphis Redbirds,INT,AAA,RF,28,54,210,186,47,21,5,1,3,33,20,36,.253,.324,.339,.663,4,2,.293,63,210,0.17142857142857143,0.09523809523809523,0.08600000000000002,Large
690914,Brody Moore,235,Memphis Redbirds,INT,AAA,SS,25,93,351,307,77,30,16,0,1,36,30,63,.251,.317,.313,.630,16,7,.304,96,351,0.1794871794871795,0.08547008547008547,0.062,Large
663457,Lars Nootbaar,235,Memphis Redbirds,INT,AAA,LF,28,6,23,20,5,5,0,0,2,6,3,3,.250,.348,.550,.898,0,0,.200,11,23,0.13043478260869565,0.13043478260869565,0.30000000000000004,Very small
676632,Bligh Madris,235,Memphis Redbirds,INT,AAA,1B,30,93,378,313,78,65,18,0,16,61,55,82,.249,.363,.460,.823,5,3,.283,144,378,0.21693121693121692,0.1455026455026455,0.21100000000000002,Large
703766,Dakota Harris,235,Memphis Redbirds,INT,AAA,2B,24,19,62,54,13,8,5,0,2,7,5,14,.241,.311,.444,.755,2,1,.282,24,62,0.22580645161290322,0.08064516129032258,0.203,Moderate
687363,Victor Scott II,235,Memphis Redbirds,INT,AAA,CF,25,57,249,219,52,45,11,3,2,17,22,47,.237,.320,.342,.662,23,2,.292,75,249,0.18875502008032127,0.08835341365461848,0.10500000000000004,Large
692446,Miguel Villarroel,235,Memphis Redbirds,INT,AAA,2B,24,12,35,30,7,4,2,0,0,2,4,13,.233,.343,.300,.643,1,0,.412,9,35,0.37142857142857144,0.11428571428571428,0.06699999999999998,Small
692405,Jeremy Rivas,235,Memphis Redbirds,INT,AAA,SS,23,27,104,86,20,13,2,0,1,11,16,28,.233,.356,.291,.647,3,0,.328,25,104,0.2692307692307692,0.15384615384615385,0.05799999999999997,Large
676369,Nelson Velázquez,235,Memphis Redbirds,INT,AAA,LF,27,40,163,138,32,21,5,0,7,22,22,48,.232,.344,.420,.764,4,0,.298,58,163,0.294478527607362,0.13496932515337423,0.18799999999999997,Large
650968,Yohel Pozo,235,Memphis Redbirds,INT,AAA,C,29,21,86,83,19,10,4,0,3,8,3,15,.229,.256,.386,.642,0,0,.246,32,86,0.1744186046511628,0.03488372093023256,0.157,Moderate
690971,Chase Davis,235,Memphis Redbirds,INT,AAA,RF,24,50,200,175,40,20,6,1,6,30,22,52,.229,.315,.377,.692,4,1,.286,66,200,0.26,0.11,0.148,Large
602104,Ramón Urías,235,Memphis Redbirds,INT,AAA,3B,32,16,52,49,9,5,1,0,2,6,2,17,.184,.231,.327,.558,1,0,.233,16,52,0.3269230769230769,0.038461538461538464,0.14300000000000002,Moderate
669357,Nolan Gorman,235,Memphis Redbirds,INT,AAA,3B,26,46,201,165,30,30,2,0,13,29,35,73,.182,.328,.430,.758,1,0,.215,71,201,0.36318407960199006,0.17412935323383086,0.248,Large
647378,Andy Yerzy,235,Memphis Redbirds,INT,AAA,C,27,39,134,118,17,10,3,0,2,9,15,39,.144,.239,.220,.459,0,0,.192,26,134,0.291044776119403,0.11194029850746269,0.07600000000000001,Large
701675,Nathan Church,235,Memphis Redbirds,INT,AAA,CF,25,3,11,11,1,1,0,0,1,1,0,2,.091,.091,.364,.455,0,0,.000,4,11,0.18181818181818182,0.0,0.273,Very small
690443,Mike Antico,235,Memphis Redbirds,INT,AAA,LF,28,6,22,20,1,1,1,0,0,0,2,8,.050,.136,.100,.236,0,0,.083,2,22,0.36363636363636365,0.09090909090909091,0.05,Very small
693832,Tre Richardson III,443,Peoria Chiefs,MID,A+,2B,24,31,122,104,36,33,5,1,11,31,15,35,.346,.434,.731,1.165,12,1,.424,76,122,0.28688524590163933,0.12295081967213115,0.385,Large
823787,Rainiel Rodriguez,443,Peoria Chiefs,MID,A+,C,19,28,128,106,33,23,8,1,4,21,19,24,.311,.430,.519,.949,4,1,.372,55,128,0.1875,0.1484375,0.20800000000000002,Large
692446,Miguel Villarroel,443,Peoria Chiefs,MID,A+,2B,24,17,68,58,18,12,3,0,2,14,8,19,.310,.412,.466,.878,4,2,.432,27,68,0.27941176470588236,0.11764705882352941,0.15600000000000003,Moderate
813668,Jack Gurevitch,443,Peoria Chiefs,MID,A+,1B,22,59,273,242,73,41,11,1,17,43,24,75,.302,.375,.566,.941,7,2,.371,137,273,0.27472527472527475,0.08791208791208792,0.26399999999999996,Large
806191,Tai Peete,443,Peoria Chiefs,MID,A+,CF,20,42,200,180,54,37,14,6,10,39,20,57,.300,.370,.611,.981,11,6,.389,110,200,0.285,0.1,0.311,Large
803679,Sammy Hernandez,443,Peoria Chiefs,MID,A+,C,22,65,253,204,57,38,18,0,11,35,43,47,.279,.411,.529,.940,21,5,.311,108,253,0.1857707509881423,0.16996047430830039,0.25,Large
814413,Ian Petrutz,443,Peoria Chiefs,MID,A+,LF,23,51,207,180,50,35,12,1,4,29,16,31,.278,.355,.422,.777,8,5,.315,76,207,0.1497584541062802,0.07729468599033816,0.14399999999999996,Large
800231,Won-Bin Cho,443,Peoria Chiefs,MID,A+,CF,22,56,233,193,52,37,14,2,8,39,37,58,.269,.395,.487,.882,23,6,.346,94,233,0.24892703862660945,0.15879828326180256,0.21799999999999997,Large
829670,Brayden Smith,443,Peoria Chiefs,MID,A+,2B,22,24,101,92,24,13,7,1,3,10,8,33,.261,.327,.457,.784,4,2,.375,42,101,0.32673267326732675,0.07920792079207921,0.196,Large
699027,José Suárez,443,Peoria Chiefs,MID,A+,RF,21,95,391,360,93,52,21,2,10,47,19,122,.258,.309,.411,.720,26,6,.359,148,391,0.31202046035805625,0.04859335038363171,0.15299999999999997,Large
811339,Josh Kross,443,Peoria Chiefs,MID,A+,1B,23,86,375,329,83,53,18,2,13,38,41,94,.252,.341,.438,.779,0,0,.314,144,375,0.25066666666666665,0.10933333333333334,0.186,Large
703602,Jalin Flores,443,Peoria Chiefs,MID,A+,SS,22,113,492,447,112,69,27,4,17,84,31,133,.251,.309,.443,.752,7,2,.315,198,492,0.2703252032520325,0.06300813008130081,0.192,Large
800266,Yordalin Peña,443,Peoria Chiefs,MID,A+,CF,21,19,77,72,18,12,6,0,4,9,3,25,.250,.299,.500,.799,2,1,.326,36,77,0.3246753246753247,0.03896103896103896,0.25,Moderate
800305,Jesús  Báez,443,Peoria Chiefs,MID,A+,SS,21,54,243,219,54,38,11,0,14,41,18,39,.247,.300,.489,.789,5,3,.234,107,243,0.16049382716049382,0.07407407407407407,0.242,Large
700720,Luis Pino,443,Peoria Chiefs,MID,A+,LF,22,42,165,139,34,23,11,1,4,14,24,39,.245,.358,.424,.782,6,1,.309,59,165,0.23636363636363636,0.14545454545454545,0.179,Large
809633,Michael Dattalo,443,Peoria Chiefs,MID,A+,3B,22,50,197,175,41,20,6,0,1,23,14,36,.234,.310,.286,.596,1,1,.286,50,197,0.18274111675126903,0.07106598984771574,0.05199999999999996,Large
699031,Anyelo Encarnación,443,Peoria Chiefs,MID,A+,SS,22,70,263,218,51,38,8,2,9,34,37,84,.234,.354,.413,.767,18,3,.328,90,263,0.3193916349809886,0.14068441064638784,0.17899999999999996,Large
802353,Christian Martin,443,Peoria Chiefs,MID,A+,LF,23,31,118,100,23,19,5,0,0,6,14,35,.230,.342,.280,.622,6,3,.354,28,118,0.2966101694915254,0.11864406779661017,0.05000000000000002,Large
801130,Alex Birge,443,Peoria Chiefs,MID,A+,C,23,7,28,22,5,4,2,0,0,3,5,9,.227,.357,.318,.675,2,0,.357,7,28,0.32142857142857145,0.17857142857142858,0.091,Small
801629,Cade McGee,443,Peoria Chiefs,MID,A+,C,23,86,363,291,64,59,16,1,14,44,48,93,.220,.366,.426,.792,7,2,.267,124,363,0.256198347107438,0.1322314049586777,0.206,Large
800728,Cameron Nickens,443,Peoria Chiefs,MID,A+,LF,22,42,164,143,31,20,6,0,4,20,16,53,.217,.299,.343,.642,3,3,.303,49,164,0.3231707317073171,0.0975609756097561,0.12600000000000003,Large
821299,Caden Ferraro,443,Peoria Chiefs,MID,A+,LF,21,21,85,74,16,8,3,1,3,12,9,19,.216,.306,.405,.711,0,1,.245,30,85,0.2235294117647059,0.10588235294117647,0.18900000000000003,Moderate
692390,Jose Cordoba,443,Peoria Chiefs,MID,A+,CF,23,42,156,141,29,16,4,1,1,14,9,35,.206,.277,.270,.547,9,2,.267,38,156,0.22435897435897437,0.057692307692307696,0.06400000000000003,Large
824713,Andrew Williamson,443,Peoria Chiefs,MID,A+,DH,20,20,88,74,14,14,2,0,5,14,10,26,.189,.295,.419,.714,3,2,.200,31,88,0.29545454545454547,0.11363636363636363,0.22999999999999998,Moderate
805550,Ryan Weingartner,443,Peoria Chiefs,MID,A+,3B,21,15,52,44,8,2,2,0,0,2,8,13,.182,.308,.227,.535,3,0,.258,10,52,0.25,0.15384615384615385,0.04500000000000001,Moderate
803124,Tristan Bissetta,443,Peoria Chiefs,MID,A+,RF,23,19,81,72,13,10,3,0,3,12,8,32,.181,.259,.347,.606,3,0,.263,25,81,0.3950617283950617,0.09876543209876543,0.16599999999999998,Moderate
821107,Yairo Padilla,443,Peoria Chiefs,MID,A+,SS,19,4,16,14,2,1,0,0,1,1,2,5,.143,.250,.357,.607,0,0,.125,5,16,0.3125,0.125,0.214,Very small
812430,Heriberto Caraballo,443,Peoria Chiefs,MID,A+,C,21,3,11,11,1,1,1,0,0,0,0,6,.091,.091,.182,.273,0,0,.200,2,11,0.5454545454545454,0.0,0.091,Very small
800840,Chase Heath,443,Peoria Chiefs,MID,A+,C,22,3,13,9,0,0,0,0,0,1,3,2,.000,.231,.000,.231,0,0,.000,0,13,0.15384615384615385,0.23076923076923078,0.0,Very small
