player_id,player_name,team_id,team_name,season,league,level,position,age,games,plate_appearances,at_bats,hits,runs,doubles,triples,home_runs,rbi,walks,strikeouts,avg,obp,slg,ops,stolen_bases,caught_stealing,babip,total_bases,pa,k_rate,bb_rate,iso,sample_size
802469,Travis Honeyman,279,Palm Beach Cardinals,2025,FSL,A,CF,23,29,130,106,34,19,5,1,2,8,20,19,0.321,.446,0.443,.889,7,1,.376,47,130,0.14615384615384616,0.15384615384615385,0.122,Large
800231,Won-Bin Cho,279,Palm Beach Cardinals,2025,FSL,A,CF,21,4,17,16,5,5,0,0,1,6,1,7,0.313,.353,0.5,.853,1,0,.500,8,17,0.4117647058823529,0.058823529411764705,0.187,Very small
811765,Deniel Ortiz,279,Palm Beach Cardinals,2025,FSL,A,3B,20,77,320,260,74,46,10,1,10,36,49,88,0.285,.406,0.446,.852,31,3,.386,116,320,0.275,0.153125,0.16100000000000003,Large
692390,Jose Cordoba,279,Palm Beach Cardinals,2025,FSL,A,LF,22,37,147,124,34,24,10,2,1,18,19,19,0.274,.381,0.411,.792,7,4,.314,51,147,0.1292517006802721,0.1292517006802721,0.13699999999999996,Large
800840,Chase Heath,279,Palm Beach Cardinals,2025,FSL,A,C,21,16,58,45,12,14,1,0,3,7,12,12,0.267,.431,0.489,.920,2,0,.300,22,58,0.20689655172413793,0.20689655172413793,0.22199999999999998,Moderate
692564,Johnfrank Salazar,279,Palm Beach Cardinals,2025,FSL,A,1B,21,27,99,83,22,7,4,0,1,12,14,13,0.265,.384,0.349,.733,6,2,.304,29,99,0.13131313131313133,0.1414141414141414,0.08399999999999996,Moderate
802353,Christian Martin,279,Palm Beach Cardinals,2025,FSL,A,2B,22,77,337,288,75,40,16,1,2,30,38,56,0.26,.349,0.344,.693,20,6,.311,99,337,0.1661721068249258,0.11275964391691394,0.08399999999999996,Large
809633,Michael Dattalo,279,Palm Beach Cardinals,2025,FSL,A,3B,21,15,65,58,15,7,4,0,0,5,4,11,0.259,.338,0.328,.666,0,0,.319,19,65,0.16923076923076924,0.06153846153846154,0.069,Moderate
651016,Matt Lloyd,279,Palm Beach Cardinals,2025,FSL,A,1B,29,5,22,16,4,3,0,0,1,4,6,3,0.25,.455,0.438,.893,1,0,.250,7,22,0.13636363636363635,0.2727272727272727,0.188,Very small
823787,Rainiel Rodriguez,279,Palm Beach Cardinals,2025,FSL,A,C,18,60,271,225,56,34,15,1,13,43,38,48,0.249,.373,0.498,.871,3,4,.261,112,271,0.17712177121771217,0.14022140221402213,0.249,Large
699027,José Suárez,279,Palm Beach Cardinals,2025,FSL,A,RF,20,88,366,327,81,51,12,2,3,29,30,99,0.248,.325,0.324,.649,17,6,.345,106,366,0.27049180327868855,0.08196721311475409,0.07600000000000001,Large
811339,Josh Kross,279,Palm Beach Cardinals,2025,FSL,A,1B,22,42,183,164,40,27,10,3,8,37,10,48,0.244,.311,0.488,.799,1,0,.291,80,183,0.26229508196721313,0.0546448087431694,0.244,Large
692568,Miguel Ugueto,279,Palm Beach Cardinals,2025,FSL,A,CF,22,6,26,25,6,3,2,0,0,3,1,6,0.24,.269,0.32,.589,2,0,.316,8,26,0.23076923076923078,0.038461538461538464,0.08000000000000002,Small
803679,Sammy Hernandez,279,Palm Beach Cardinals,2025,FSL,A,C,21,89,360,293,69,40,11,0,2,49,46,67,0.235,.362,0.294,.656,12,1,.295,86,360,0.18611111111111112,0.12777777777777777,0.059,Large
800266,Yordalin Peña,279,Palm Beach Cardinals,2025,FSL,A,CF,20,103,412,368,84,54,21,5,6,39,35,108,0.228,.299,0.361,.660,20,10,.301,133,412,0.2621359223300971,0.08495145631067962,0.13299999999999998,Large
703602,Jalin Flores,279,Palm Beach Cardinals,2025,FSL,A,3B,21,24,105,94,21,11,3,0,2,15,10,34,0.223,.295,0.319,.614,1,0,.322,30,105,0.3238095238095238,0.09523809523809523,0.096,Large
801629,Cade McGee,279,Palm Beach Cardinals,2025,FSL,A,3B,22,78,335,276,59,44,14,0,9,50,46,76,0.214,.334,0.362,.696,22,5,.254,100,335,0.22686567164179106,0.1373134328358209,0.148,Large
699031,Anyelo Encarnación,279,Palm Beach Cardinals,2025,FSL,A,SS,21,75,297,243,51,33,9,3,5,33,49,91,0.21,.351,0.333,.684,15,4,.313,81,297,0.3063973063973064,0.16498316498316498,0.12300000000000003,Large
700720,Luis Pino,279,Palm Beach Cardinals,2025,FSL,A,LF,21,98,413,345,69,43,16,2,9,42,54,129,0.2,.327,0.336,.663,7,2,.287,116,413,0.31234866828087166,0.13075060532687652,0.136,Large
834681,Matthew Miura,279,Palm Beach Cardinals,2025,FSL,A,CF,21,21,91,76,15,14,1,0,1,9,15,13,0.197,.330,0.25,.580,7,3,.226,19,91,0.14285714285714285,0.16483516483516483,0.05299999999999999,Moderate
703158,Jonathan Mejía,279,Palm Beach Cardinals,2025,FSL,A,2B,20,74,324,273,50,43,4,6,6,30,46,106,0.183,.303,0.308,.611,18,4,.270,84,324,0.3271604938271605,0.1419753086419753,0.125,Large
813668,Jack Gurevitch,279,Palm Beach Cardinals,2025,FSL,A,1B,21,22,99,83,15,10,1,1,1,4,13,33,0.181,.303,0.253,.556,5,1,.280,21,99,0.3333333333333333,0.13131313131313133,0.07200000000000001,Moderate
800728,Cameron Nickens,279,Palm Beach Cardinals,2025,FSL,A,LF,21,10,42,39,7,2,0,0,0,3,3,14,0.179,.238,0.179,.417,0,1,.280,7,42,0.3333333333333333,0.07142857142857142,0.0,Small
695579,Trevor Haskins,279,Palm Beach Cardinals,2025,FSL,A,2B,22,7,29,29,5,2,1,0,1,3,0,8,0.172,.172,0.31,.482,0,0,.200,9,29,0.27586206896551724,0.0,0.138,Small
809244,Bryce Madron,279,Palm Beach Cardinals,2025,FSL,A,LF,23,36,156,116,20,18,3,0,1,8,36,36,0.172,.381,0.224,.605,3,8,.241,26,156,0.23076923076923078,0.23076923076923078,0.05200000000000002,Large
801130,Alex Birge,279,Palm Beach Cardinals,2025,FSL,A,C,22,2,9,6,1,1,0,0,0,1,2,3,0.167,.444,0.167,.611,0,0,.333,1,9,0.3333333333333333,0.2222222222222222,0.0,Very small
699028,Romtres Cabrera,279,Palm Beach Cardinals,2025,FSL,A,LF,21,10,36,30,5,5,2,0,0,4,5,14,0.167,.278,0.233,.511,4,0,.294,7,36,0.3888888888888889,0.1388888888888889,0.066,Small
701675,Nathan Church,279,Palm Beach Cardinals,2025,FSL,A,CF,24,4,14,13,2,3,1,0,0,1,1,2,0.154,.214,0.231,.445,1,1,.182,3,14,0.14285714285714285,0.07142857142857142,0.07700000000000001,Very small
812430,Heriberto Caraballo,279,Palm Beach Cardinals,2025,FSL,A,C,20,20,71,61,9,8,0,0,1,4,8,19,0.148,.254,0.197,.451,1,0,.190,12,71,0.2676056338028169,0.11267605633802817,0.049000000000000016,Moderate
805550,Ryan Weingartner,279,Palm Beach Cardinals,2025,FSL,A,SS,20,21,90,69,10,7,0,1,0,6,18,26,0.145,.326,0.174,.500,5,4,.227,12,90,0.28888888888888886,0.2,0.028999999999999998,Moderate
692397,Maikel Hernandez,279,Palm Beach Cardinals,2025,FSL,A,1B,22,14,45,39,4,4,1,0,1,7,5,11,0.103,.205,0.205,.410,0,0,.111,8,45,0.24444444444444444,0.1111111111111111,0.102,Small
808145,Bracewell Taveras,279,Palm Beach Cardinals,2025,FSL,A,2B,19,3,10,9,0,1,0,0,0,0,1,4,0.0,.100,0.0,.100,0,0,.000,0,10,0.4,0.1,0.0,Very small
701675,Nathan Church,440,Springfield Cardinals,2025,TEX,AA,CF,24,29,129,119,40,21,7,1,6,19,8,10,0.336,.380,0.563,.943,6,0,.327,67,129,0.07751937984496124,0.06201550387596899,0.22699999999999992,Large
802139,JJ Wetherholt,440,Springfield Cardinals,2025,TEX,AA,SS,22,62,275,223,67,39,14,1,7,34,44,40,0.3,.425,0.466,.891,14,2,.337,104,275,0.14545454545454545,0.16,0.16600000000000004,Large
689750,Jacob Buchberger,440,Springfield Cardinals,2025,TEX,AA,LF,27,6,24,20,6,4,1,0,1,8,4,5,0.3,.417,0.5,.917,1,0,.357,10,24,0.20833333333333334,0.16666666666666666,0.2,Very small
663457,Lars Nootbaar,440,Springfield Cardinals,2025,TEX,AA,RF,27,3,14,14,4,1,0,0,0,1,0,4,0.286,.286,0.286,.572,0,0,.400,4,14,0.2857142857142857,0.0,0.0,Very small
702331,Noah Mendlinger,440,Springfield Cardinals,2025,TEX,AA,RF,24,86,361,297,83,51,13,1,0,19,46,34,0.279,.398,0.33,.728,10,4,.313,98,361,0.09418282548476455,0.12742382271468145,0.05099999999999999,Large
815104,Graysen Tarlow,440,Springfield Cardinals,2025,TEX,AA,C,23,17,69,54,15,6,1,0,0,6,13,15,0.278,.412,0.296,.708,0,1,.375,16,69,0.21739130434782608,0.18840579710144928,0.01799999999999996,Moderate
680636,Ramon Mendoza,440,Springfield Cardinals,2025,TEX,AA,3B,24,105,404,334,92,59,13,2,14,62,60,80,0.275,.390,0.452,.842,3,4,.320,151,404,0.19801980198019803,0.1485148514851485,0.177,Large
804241,Zach Levenson,440,Springfield Cardinals,2025,TEX,AA,LF,23,26,103,91,25,11,7,0,4,19,10,22,0.275,.350,0.484,.834,2,1,.318,44,103,0.21359223300970873,0.0970873786407767,0.20899999999999996,Large
695491,Joshua Báez,440,Springfield Cardinals,2025,TEX,AA,RF,22,79,331,273,74,46,15,1,16,55,41,67,0.271,.374,0.509,.883,34,7,.294,139,331,0.20241691842900303,0.12386706948640483,0.238,Large
703766,Dakota Harris,440,Springfield Cardinals,2025,TEX,AA,3B,23,117,477,435,115,67,17,0,10,49,26,82,0.264,.316,0.372,.688,23,6,.303,162,477,0.1719077568134172,0.05450733752620545,0.10799999999999998,Large
692568,Miguel Ugueto,440,Springfield Cardinals,2025,TEX,AA,RF,22,50,199,189,48,22,8,1,2,22,6,25,0.254,.276,0.339,.615,9,5,.279,64,199,0.12562814070351758,0.03015075376884422,0.08500000000000002,Large
699024,Leo Bernal,440,Springfield Cardinals,2025,TEX,AA,C,21,107,455,396,98,58,19,0,13,70,49,77,0.247,.332,0.394,.726,13,3,.274,156,455,0.16923076923076924,0.1076923076923077,0.14700000000000002,Large
680642,Darlin Moquete,440,Springfield Cardinals,2025,TEX,AA,LF,25,78,290,261,64,37,9,1,6,36,22,66,0.245,.315,0.356,.671,18,7,.305,93,290,0.22758620689655173,0.07586206896551724,0.11099999999999999,Large
701800,Carlos Linarez,440,Springfield Cardinals,2025,TEX,AA,C,23,40,149,135,33,19,3,1,3,17,12,60,0.244,.304,0.348,.652,0,2,.411,47,149,0.40268456375838924,0.08053691275167785,0.10399999999999998,Large
690914,Brody Moore,440,Springfield Cardinals,2025,TEX,AA,2B,24,46,173,160,39,25,4,0,2,22,10,30,0.244,.291,0.306,.597,6,0,.287,49,173,0.17341040462427745,0.057803468208092484,0.062,Large
690971,Chase Davis,440,Springfield Cardinals,2025,TEX,AA,CF,23,113,494,414,100,61,16,0,10,48,67,146,0.242,.358,0.353,.711,9,2,.345,146,494,0.29554655870445345,0.13562753036437247,0.11099999999999999,Large
813852,Trey Paige,440,Springfield Cardinals,2025,TEX,AA,1B,24,59,234,200,47,35,6,4,5,19,30,61,0.235,.336,0.38,.716,6,2,.311,76,234,0.2606837606837607,0.1282051282051282,0.14500000000000002,Large
822501,Jon Jon Gazdar,440,Springfield Cardinals,2025,TEX,AA,2B,23,11,47,43,10,5,2,0,0,6,3,8,0.233,.298,0.279,.577,0,0,.286,12,47,0.1702127659574468,0.06382978723404255,0.04600000000000001,Small
669357,Nolan Gorman,440,Springfield Cardinals,2025,TEX,AA,2B,25,3,13,13,3,1,1,0,1,2,0,4,0.231,.231,0.538,.769,0,0,.250,7,13,0.3076923076923077,0.0,0.30700000000000005,Very small
694271,R.J. Yeager,440,Springfield Cardinals,2025,TEX,AA,1B,26,77,309,271,57,42,11,0,6,32,23,54,0.21,.282,0.317,.599,4,3,.234,86,309,0.17475728155339806,0.0744336569579288,0.10700000000000001,Large
692405,Jeremy Rivas,440,Springfield Cardinals,2025,TEX,AA,SS,22,116,487,427,87,57,17,1,10,50,48,135,0.204,.298,0.319,.617,21,8,.272,136,487,0.27720739219712526,0.09856262833675565,0.11500000000000002,Large
691023,Jordan Walker,440,Springfield Cardinals,2025,TEX,AA,RF,23,10,43,38,6,5,3,0,2,4,5,12,0.158,.256,0.395,.651,1,0,.167,15,43,0.27906976744186046,0.11627906976744186,0.23700000000000002,Small
687363,Victor Scott II,440,Springfield Cardinals,2025,TEX,AA,CF,24,3,10,8,1,1,0,0,0,0,1,1,0.125,.300,0.125,.425,1,1,.143,1,10,0.1,0.1,0.0,Very small
571448,Nolan Arenado,440,Springfield Cardinals,2025,TEX,AA,3B,34,4,14,13,1,2,0,0,0,0,0,3,0.077,.143,0.077,.220,0,0,.100,1,14,0.21428571428571427,0.0,0.0,Very small
702328,Wade Stauss,440,Springfield Cardinals,2025,TEX,AA,C,26,11,34,28,1,0,0,0,0,0,6,13,0.036,.206,0.036,.242,0,0,.067,1,34,0.38235294117647056,0.17647058823529413,0.0,Small
801187,Chase Adkison,440,Springfield Cardinals,2025,TEX,AA,1B,25,1,5,4,0,0,0,0,0,0,1,1,0.0,.200,0.0,.200,0,0,.000,0,5,0.2,0.2,0.0,Very small
680977,Brendan Donovan,440,Springfield Cardinals,2025,TEX,AA,2B,28,2,7,4,0,1,0,0,0,0,3,1,0.0,.429,0.0,.429,0,0,.000,0,7,0.14285714285714285,0.42857142857142855,0.0,Very small
809244,Bryce Madron,440,Springfield Cardinals,2025,TEX,AA,LF,23,5,18,15,0,2,0,0,0,0,3,6,0.0,.167,0.0,.167,0,0,.000,0,18,0.3333333333333333,0.16666666666666666,0.0,Very small
671056,Iván Herrera,235,Memphis Redbirds,2025,INT,AAA,DH,25,8,30,30,13,6,2,0,1,5,0,8,0.433,.433,0.6,1.033,2,0,.571,18,30,0.26666666666666666,0.0,0.16699999999999998,Small
701675,Nathan Church,235,Memphis Redbirds,2025,INT,AAA,CF,24,53,242,215,72,43,11,4,7,30,24,25,0.335,.400,0.521,.921,9,4,.353,112,242,0.10330578512396695,0.09917355371900827,0.186,Large
650968,Yohel Pozo,235,Memphis Redbirds,2025,INT,AAA,C,28,5,21,21,7,7,3,0,2,6,0,2,0.333,.333,0.762,1.095,1,0,.294,16,21,0.09523809523809523,0.0,0.429,Very small
663494,Bryan Torres,235,Memphis Redbirds,2025,INT,AAA,2B,27,104,414,332,109,58,16,1,9,51,70,57,0.328,.441,0.464,.905,26,6,.369,154,414,0.13768115942028986,0.16908212560386474,0.136,Large
695336,Thomas Saggese,235,Memphis Redbirds,2025,INT,AAA,SS,23,42,189,164,52,34,6,0,5,24,23,45,0.317,.402,0.445,.847,5,4,.409,73,189,0.23809523809523808,0.12169312169312169,0.128,Large
802139,JJ Wetherholt,235,Memphis Redbirds,2025,INT,AAA,SS,22,47,221,185,58,43,14,1,10,25,28,33,0.314,.416,0.562,.978,9,1,.333,104,221,0.1493212669683258,0.12669683257918551,0.24800000000000005,Large
693409,César Prieto,235,Memphis Redbirds,2025,INT,AAA,3B,26,121,515,460,138,79,35,4,9,71,39,70,0.3,.363,0.452,.815,12,14,.335,208,515,0.13592233009708737,0.07572815533980583,0.15200000000000002,Large
665877,José Fermín,235,Memphis Redbirds,2025,INT,AAA,2B,26,65,293,237,71,47,23,0,7,40,45,25,0.3,.428,0.485,.913,20,5,.311,115,293,0.08532423208191127,0.15358361774744028,0.185,Large
676480,José Barrero,235,Memphis Redbirds,2025,INT,AAA,SS,27,23,101,87,26,15,5,1,4,13,14,27,0.299,.396,0.517,.913,5,1,.393,45,101,0.26732673267326734,0.13861386138613863,0.21800000000000003,Large
702331,Noah Mendlinger,235,Memphis Redbirds,2025,INT,AAA,2B,24,24,102,83,24,15,6,2,1,10,11,8,0.289,.402,0.446,.848,2,2,.303,37,102,0.0784313725490196,0.10784313725490197,0.15700000000000003,Large
668723,Ryan Vilade,235,Memphis Redbirds,2025,INT,AAA,1B,26,48,192,164,46,33,11,3,5,31,24,38,0.28,.375,0.476,.851,5,1,.333,78,192,0.19791666666666666,0.125,0.19599999999999995,Large
690443,Mike Antico,235,Memphis Redbirds,2025,INT,AAA,LF,27,104,381,326,91,53,21,2,7,57,42,94,0.279,.366,0.42,.786,21,4,.364,137,381,0.24671916010498687,0.11023622047244094,0.14099999999999996,Large
699625,Jimmy Crooks,235,Memphis Redbirds,2025,INT,AAA,C,23,98,430,390,107,61,21,1,14,79,36,114,0.274,.337,0.441,.778,0,0,.352,172,430,0.2651162790697674,0.08372093023255814,0.16699999999999998,Large
651016,Matt Lloyd,235,Memphis Redbirds,2025,INT,AAA,1B,29,78,317,272,74,39,18,1,8,50,41,77,0.272,.364,0.434,.798,7,3,.347,118,317,0.24290220820189273,0.12933753943217666,0.16199999999999998,Large
691023,Jordan Walker,235,Memphis Redbirds,2025,INT,AAA,RF,23,4,17,16,4,2,0,0,0,5,1,6,0.25,.294,0.25,.544,0,0,.400,4,17,0.35294117647058826,0.058823529411764705,0.0,Very small
689288,Matt Koperniak,235,Memphis Redbirds,2025,INT,AAA,RF,27,121,536,479,118,71,19,2,14,65,48,103,0.246,.317,0.382,.699,9,3,.283,183,536,0.1921641791044776,0.08955223880597014,0.136,Large
690914,Brody Moore,235,Memphis Redbirds,2025,INT,AAA,SS,24,60,221,197,47,28,7,1,2,27,17,49,0.239,.305,0.315,.620,6,0,.302,62,221,0.22171945701357465,0.07692307692307693,0.07600000000000001,Large
641468,Gavin Collins,235,Memphis Redbirds,2025,INT,AAA,C,29,76,299,263,58,32,10,2,2,29,28,32,0.221,.299,0.297,.596,4,1,.240,78,299,0.10702341137123746,0.09364548494983277,0.07599999999999998,Large
672279,Michael Siani,235,Memphis Redbirds,2025,INT,AAA,CF,25,101,430,368,77,64,12,4,8,41,50,106,0.209,.307,0.329,.636,28,5,.266,121,430,0.24651162790697675,0.11627906976744186,0.12000000000000002,Large
647378,Andy Yerzy,235,Memphis Redbirds,2025,INT,AAA,C,26,51,204,182,37,20,5,0,6,17,20,67,0.203,.289,0.33,.619,1,1,.284,60,204,0.3284313725490196,0.09803921568627451,0.127,Large
701800,Carlos Linarez,235,Memphis Redbirds,2025,INT,AAA,DH,23,3,11,10,2,2,0,0,2,3,1,5,0.2,.273,0.8,1.073,0,0,.000,8,11,0.45454545454545453,0.09090909090909091,0.6000000000000001,Very small
691458,Blaze Jordan,235,Memphis Redbirds,2025,INT,AAA,1B,22,41,186,172,34,21,6,1,7,37,10,22,0.198,.242,0.366,.608,2,0,.185,63,186,0.11827956989247312,0.053763440860215055,0.16799999999999998,Large
663609,Luken Baker,235,Memphis Redbirds,2025,INT,AAA,1B,28,62,265,224,44,29,15,0,10,34,36,71,0.196,.309,0.397,.706,0,0,.233,89,265,0.2679245283018868,0.13584905660377358,0.201,Large
680737,Michael Helman,235,Memphis Redbirds,2025,INT,AAA,CF,29,18,73,65,12,12,4,0,1,5,6,16,0.185,.260,0.292,.552,1,0,.224,19,73,0.2191780821917808,0.0821917808219178,0.10699999999999998,Moderate
691026,Masyn Winn,235,Memphis Redbirds,2025,INT,AAA,SS,23,3,13,11,2,2,0,0,2,2,2,5,0.182,.308,0.727,1.035,0,0,.000,8,13,0.38461538461538464,0.15384615384615385,0.5449999999999999,Very small
702328,Wade Stauss,235,Memphis Redbirds,2025,INT,AAA,C,26,1,4,4,0,0,0,0,0,0,0,4,0.0,.000,0.0,.000,0,0,.---,0,4,1.0,0.0,0.0,Very small
811765,Deniel Ortiz,443,Peoria Chiefs,2025,MID,A+,1B,20,30,130,110,37,15,9,0,3,15,18,29,0.336,.438,0.5,.938,8,6,.436,55,130,0.2230769230769231,0.13846153846153847,0.16399999999999998,Large
695491,Joshua Báez,443,Peoria Chiefs,2025,MID,A+,RF,22,38,168,145,46,32,8,2,4,24,18,36,0.317,.404,0.483,.887,20,2,.400,70,168,0.21428571428571427,0.10714285714285714,0.16599999999999998,Large
815104,Graysen Tarlow,443,Peoria Chiefs,2025,MID,A+,C,23,37,139,115,35,15,3,0,1,23,12,30,0.304,.396,0.357,.753,1,3,.386,41,139,0.2158273381294964,0.08633093525179857,0.05299999999999999,Large
801187,Chase Adkison,443,Peoria Chiefs,2025,MID,A+,DH,25,33,124,94,28,17,6,0,1,15,23,15,0.298,.452,0.394,.846,1,0,.338,37,124,0.12096774193548387,0.18548387096774194,0.09600000000000003,Large
823787,Rainiel Rodriguez,443,Peoria Chiefs,2025,MID,A+,C,18,4,17,17,5,2,1,0,0,4,0,2,0.294,.294,0.353,.647,0,0,.333,6,17,0.11764705882352941,0.0,0.059,Very small
822501,Jon Jon Gazdar,443,Peoria Chiefs,2025,MID,A+,SS,23,89,416,359,103,51,13,1,1,30,34,40,0.287,.378,0.337,.715,20,5,.319,121,416,0.09615384615384616,0.08173076923076923,0.050000000000000044,Large
692568,Miguel Ugueto,443,Peoria Chiefs,2025,MID,A+,LF,22,4,20,18,5,3,1,0,0,2,0,2,0.278,.350,0.333,.683,0,1,.313,6,20,0.1,0.0,0.05499999999999999,Very small
802469,Travis Honeyman,443,Peoria Chiefs,2025,MID,A+,CF,23,53,228,183,49,35,5,1,1,20,27,43,0.268,.390,0.322,.712,3,0,.333,59,228,0.18859649122807018,0.11842105263157894,0.05399999999999999,Large
692390,Jose Cordoba,443,Peoria Chiefs,2025,MID,A+,CF,22,14,62,57,15,7,5,0,0,5,3,11,0.263,.323,0.351,.674,5,0,.326,20,62,0.1774193548387097,0.04838709677419355,0.08799999999999997,Moderate
692446,Miguel Villarroel,443,Peoria Chiefs,2025,MID,A+,SS,23,66,272,248,63,40,9,2,2,25,19,66,0.254,.307,0.331,.638,22,4,.335,82,272,0.2426470588235294,0.06985294117647059,0.07700000000000001,Large
814413,Ian Petrutz,443,Peoria Chiefs,2025,MID,A+,LF,22,87,371,316,78,35,16,1,5,45,40,49,0.247,.354,0.351,.705,3,10,.278,111,371,0.1320754716981132,0.1078167115902965,0.10399999999999998,Large
800305,Jesús  Báez,443,Peoria Chiefs,2025,MID,A+,SS,20,27,122,111,27,14,3,0,4,15,10,28,0.243,.303,0.378,.681,2,2,.288,42,122,0.22950819672131148,0.08196721311475409,0.135,Large
813852,Trey Paige,443,Peoria Chiefs,2025,MID,A+,3B,24,35,139,124,30,19,6,1,2,21,13,42,0.242,.317,0.355,.672,2,1,.346,44,139,0.302158273381295,0.09352517985611511,0.11299999999999999,Large
693832,Tre Richardson III,443,Peoria Chiefs,2025,MID,A+,2B,23,85,345,303,73,42,18,0,3,30,33,60,0.241,.330,0.33,.660,16,9,.290,100,345,0.17391304347826086,0.09565217391304348,0.08900000000000002,Large
800231,Won-Bin Cho,443,Peoria Chiefs,2025,MID,A+,CF,21,90,368,313,74,44,15,0,6,47,50,87,0.236,.346,0.342,.688,25,4,.308,107,368,0.23641304347826086,0.1358695652173913,0.10600000000000004,Large
804241,Zach Levenson,443,Peoria Chiefs,2025,MID,A+,CF,23,82,346,284,67,48,12,2,8,38,56,63,0.236,.373,0.377,.750,7,6,.277,107,346,0.18208092485549132,0.16184971098265896,0.14100000000000001,Large
701481,Ryan Campos,443,Peoria Chiefs,2025,MID,A+,C,22,95,421,353,83,54,22,3,3,47,64,74,0.235,.356,0.34,.696,15,3,.289,120,421,0.17577197149643706,0.15201900237529692,0.10500000000000004,Large
683152,Michael Curialle,443,Peoria Chiefs,2025,MID,A+,3B,24,64,241,212,48,35,7,2,4,26,18,64,0.226,.320,0.335,.655,5,1,.306,71,241,0.26556016597510373,0.07468879668049792,0.10900000000000001,Large
692564,Johnfrank Salazar,443,Peoria Chiefs,2025,MID,A+,1B,21,32,121,111,25,12,5,0,0,13,6,17,0.225,.273,0.27,.543,6,0,.260,30,121,0.14049586776859505,0.049586776859504134,0.04500000000000001,Large
699031,Anyelo Encarnación,443,Peoria Chiefs,2025,MID,A+,SS,21,33,122,114,25,8,4,0,2,13,7,37,0.219,.270,0.307,.577,5,1,.307,35,122,0.30327868852459017,0.05737704918032787,0.088,Large
809244,Bryce Madron,443,Peoria Chiefs,2025,MID,A+,CF,23,12,41,33,7,9,3,0,0,0,7,14,0.212,.366,0.303,.669,1,0,.368,10,41,0.34146341463414637,0.17073170731707318,0.091,Small
811339,Josh Kross,443,Peoria Chiefs,2025,MID,A+,1B,22,58,243,213,45,25,9,2,8,44,22,65,0.211,.288,0.385,.673,0,1,.255,82,243,0.2674897119341564,0.09053497942386832,0.17400000000000002,Large
801430,Brayden Jobert,443,Peoria Chiefs,2025,MID,A+,1B,24,88,350,295,62,38,12,2,8,36,44,86,0.21,.326,0.346,.672,8,6,.265,102,350,0.24571428571428572,0.12571428571428572,0.13599999999999998,Large
802353,Christian Martin,443,Peoria Chiefs,2025,MID,A+,3B,22,7,30,24,4,2,0,0,0,2,4,8,0.167,.300,0.167,.467,1,1,.235,4,30,0.26666666666666666,0.13333333333333333,0.0,Small
675382,Andrew Sojka,443,Peoria Chiefs,2025,MID,A+,RF,24,20,81,73,12,13,4,0,1,4,7,19,0.164,.238,0.26,.498,1,2,.208,19,81,0.2345679012345679,0.08641975308641975,0.096,Moderate
803679,Sammy Hernandez,443,Peoria Chiefs,2025,MID,A+,C,21,6,23,20,2,2,0,0,1,1,3,3,0.1,.217,0.25,.467,0,2,.063,5,23,0.13043478260869565,0.13043478260869565,0.15,Very small
663457,Lars Nootbaar,279,Palm Beach Cardinals,2026,FSL,A,LF,28,2,4,3,2,2,0,0,1,1,1,1,0.667,.750,1.667,2.417,0,0,1.000,5,4,0.25,0.25,1.0,Very small
809633,Michael Dattalo,279,Palm Beach Cardinals,2026,FSL,A,3B,22,31,136,114,42,15,9,0,1,21,18,14,0.368,.463,0.474,.937,3,0,.410,54,136,0.10294117647058823,0.1323529411764706,0.10599999999999998,Large
825891,Trevor Condon,279,Palm Beach Cardinals,2026,FSL,A,CF,18,7,31,28,9,3,3,0,1,5,3,6,0.321,.387,0.536,.923,2,1,.381,15,31,0.1935483870967742,0.0967741935483871,0.21500000000000002,Small
692564,Johnfrank Salazar,279,Palm Beach Cardinals,2026,FSL,A,1B,22,22,92,82,26,19,9,0,1,12,8,20,0.317,.391,0.463,.854,4,1,.410,38,92,0.21739130434782608,0.08695652173913043,0.14600000000000002,Moderate
829791,Miguel Hernández,279,Palm Beach Cardinals,2026,FSL,A,2B,18,25,103,79,24,16,7,1,2,8,20,27,0.304,.466,0.494,.960,7,3,.440,39,103,0.2621359223300971,0.1941747572815534,0.19,Large
699031,Anyelo Encarnación,279,Palm Beach Cardinals,2026,FSL,A,2B,22,2,7,7,2,0,0,0,0,0,0,3,0.286,.286,0.286,.572,1,1,.500,2,7,0.42857142857142855,0.0,0.0,Very small
814761,Gabe Camacho,279,Palm Beach Cardinals,2026,FSL,A,1B,20,24,89,78,22,12,8,0,1,10,3,18,0.282,.371,0.423,.794,1,0,.356,33,89,0.20224719101123595,0.033707865168539325,0.14100000000000001,Moderate
821107,Yairo Padilla,279,Palm Beach Cardinals,2026,FSL,A,DH,19,29,128,114,32,15,9,2,3,23,13,24,0.281,.354,0.474,.828,10,6,.333,54,128,0.1875,0.1015625,0.19299999999999995,Large
834681,Matthew Miura,279,Palm Beach Cardinals,2026,FSL,A,CF,22,60,253,208,58,36,9,1,3,31,41,31,0.279,.403,0.375,.778,22,5,.314,78,253,0.1225296442687747,0.16205533596837945,0.09599999999999997,Large
813668,Jack Gurevitch,279,Palm Beach Cardinals,2026,FSL,A,1B,22,28,128,106,29,19,10,0,6,28,20,39,0.274,.398,0.538,.936,0,3,.377,57,128,0.3046875,0.15625,0.264,Large
800266,Yordalin Peña,279,Palm Beach Cardinals,2026,FSL,A,RF,21,82,339,302,82,56,26,2,15,58,25,100,0.272,.334,0.52,.854,21,3,.349,157,339,0.2949852507374631,0.07374631268436578,0.248,Large
800728,Cameron Nickens,279,Palm Beach Cardinals,2026,FSL,A,LF,22,28,116,87,23,22,6,0,2,14,24,27,0.264,.431,0.402,.833,2,2,.350,35,116,0.23275862068965517,0.20689655172413793,0.138,Large
690971,Chase Davis,279,Palm Beach Cardinals,2026,FSL,A,RF,24,4,18,12,3,3,0,0,1,4,6,4,0.25,.500,0.5,1.000,0,0,.286,6,18,0.2222222222222222,0.3333333333333333,0.25,Very small
814413,Ian Petrutz,279,Palm Beach Cardinals,2026,FSL,A,LF,23,11,45,40,10,7,2,0,2,10,3,6,0.25,.333,0.45,.783,0,1,.250,18,45,0.13333333333333333,0.06666666666666667,0.2,Small
825484,Alexander Frias,279,Palm Beach Cardinals,2026,FSL,A,RF,18,25,110,93,23,15,4,1,2,11,13,30,0.247,.355,0.376,.731,6,1,.339,35,110,0.2727272727272727,0.11818181818181818,0.129,Large
829670,Brayden Smith,279,Palm Beach Cardinals,2026,FSL,A,2B,22,81,356,296,73,54,12,5,8,32,50,93,0.247,.363,0.402,.765,28,5,.328,119,356,0.2612359550561798,0.1404494382022472,0.15500000000000003,Large
829741,Sebastian Dos Santos,279,Palm Beach Cardinals,2026,FSL,A,SS,18,55,255,199,49,47,8,0,10,36,44,60,0.246,.400,0.437,.837,18,4,.295,87,255,0.23529411764705882,0.17254901960784313,0.191,Large
821036,Cristofer Lebrón,279,Palm Beach Cardinals,2026,FSL,A,3B,19,15,58,53,13,5,0,0,0,2,4,23,0.245,.293,0.245,.538,7,2,.419,13,58,0.39655172413793105,0.06896551724137931,0.0,Moderate
808263,Daniel Rojas,279,Palm Beach Cardinals,2026,FSL,A,LF,20,5,21,21,5,1,1,0,0,0,0,7,0.238,.238,0.286,.524,0,0,.357,6,21,0.3333333333333333,0.0,0.04799999999999999,Very small
695579,Trevor Haskins,279,Palm Beach Cardinals,2026,FSL,A,2B,23,96,376,324,77,56,25,1,12,49,39,114,0.238,.335,0.432,.767,23,5,.323,140,376,0.30319148936170215,0.10372340425531915,0.194,Large
829077,Kenly Hunter,279,Palm Beach Cardinals,2026,FSL,A,CF,18,3,14,13,3,2,0,0,0,1,0,3,0.231,.286,0.231,.517,1,1,.300,3,14,0.21428571428571427,0.0,0.0,Very small
815829,Ryan Mitchell,279,Palm Beach Cardinals,2026,FSL,A,CF,19,107,496,386,89,81,9,2,13,51,100,164,0.231,.389,0.365,.754,41,12,.353,141,496,0.33064516129032256,0.20161290322580644,0.13399999999999998,Large
805550,Ryan Weingartner,279,Palm Beach Cardinals,2026,FSL,A,SS,21,85,382,310,70,58,11,1,12,54,63,84,0.226,.366,0.384,.750,33,8,.269,119,382,0.2198952879581152,0.1649214659685864,0.158,Large
813488,Jayden Lobliner,279,Palm Beach Cardinals,2026,FSL,A,C,22,14,54,50,11,6,0,0,4,10,3,24,0.22,.278,0.46,.738,1,0,.318,23,54,0.4444444444444444,0.05555555555555555,0.24000000000000002,Moderate
703158,Jonathan Mejía,279,Palm Beach Cardinals,2026,FSL,A,SS,21,76,321,255,56,45,10,3,12,53,59,88,0.22,.368,0.424,.792,9,6,.277,108,321,0.27414330218068533,0.1838006230529595,0.204,Large
842711,Owen Henne,279,Palm Beach Cardinals,2026,FSL,A,2B,21,16,67,55,12,13,4,0,4,15,9,11,0.218,.358,0.509,.867,1,0,.200,28,67,0.16417910447761194,0.13432835820895522,0.29100000000000004,Moderate
823651,J.P. Cabrera,279,Palm Beach Cardinals,2026,FSL,A,C,19,25,100,89,19,14,6,0,1,13,7,22,0.213,.278,0.315,.593,1,0,.273,28,100,0.22,0.07,0.10200000000000001,Large
812430,Heriberto Caraballo,279,Palm Beach Cardinals,2026,FSL,A,1B,21,46,179,151,32,26,2,1,5,17,20,45,0.212,.324,0.338,.662,1,3,.262,51,179,0.25139664804469275,0.11173184357541899,0.12600000000000003,Large
800840,Chase Heath,279,Palm Beach Cardinals,2026,FSL,A,C,22,72,294,257,52,32,13,0,6,29,31,71,0.202,.299,0.323,.622,6,4,.254,83,294,0.24149659863945577,0.1054421768707483,0.121,Large
700720,Luis Pino,279,Palm Beach Cardinals,2026,FSL,A,RF,22,18,64,56,11,9,3,0,0,5,4,24,0.196,.270,0.25,.520,2,2,.333,14,64,0.375,0.0625,0.05399999999999999,Moderate
802469,Travis Honeyman,279,Palm Beach Cardinals,2026,FSL,A,LF,24,8,33,26,5,4,1,0,1,2,4,5,0.192,.364,0.346,.710,1,1,.200,9,33,0.15151515151515152,0.12121212121212122,0.15399999999999997,Small
802353,Christian Martin,279,Palm Beach Cardinals,2026,FSL,A,3B,23,21,84,64,12,11,4,1,0,5,19,8,0.188,.369,0.281,.650,4,3,.211,18,84,0.09523809523809523,0.2261904761904762,0.09300000000000003,Moderate
801130,Alex Birge,279,Palm Beach Cardinals,2026,FSL,A,C,23,44,176,149,26,24,6,1,4,30,21,66,0.174,.301,0.309,.610,3,1,.278,46,176,0.375,0.11931818181818182,0.135,Large
808278,Facundo Velásquez,279,Palm Beach Cardinals,2026,FSL,A,LF,20,20,73,63,10,9,2,1,3,11,10,31,0.159,.274,0.365,.639,2,3,.241,23,73,0.4246575342465753,0.136986301369863,0.206,Moderate
806131,Dee Kennedy,279,Palm Beach Cardinals,2026,FSL,A,2B,21,21,92,77,11,12,2,0,1,5,13,20,0.143,.283,0.208,.491,6,1,.179,16,92,0.21739130434782608,0.14130434782608695,0.065,Moderate
834989,Kaden Echeman,279,Palm Beach Cardinals,2026,FSL,A,P,23,31,0,0,0,0,0,0,0,0,0,0,0.0,.000,0.0,.000,0,0,.---,0,0,,,0.0,Very small
811765,Deniel Ortiz,279,Palm Beach Cardinals,2026,FSL,A,3B,21,4,20,12,0,3,0,0,0,1,5,5,0.0,.400,0.0,.400,3,0,.000,0,20,0.25,0.25,0.0,Very small
690914,Brody Moore,440,Springfield Cardinals,2026,TEX,AA,SS,25,23,95,88,34,17,5,0,2,12,5,14,0.386,.411,0.511,.922,8,0,.432,45,95,0.14736842105263157,0.05263157894736842,0.125,Moderate
801629,Cade McGee,440,Springfield Cardinals,2026,TEX,AA,2B,23,10,42,36,12,10,2,1,3,7,6,8,0.333,.429,0.694,1.123,1,0,.360,25,42,0.19047619047619047,0.14285714285714285,0.36099999999999993,Small
823787,Rainiel Rodriguez,440,Springfield Cardinals,2026,TEX,AA,C,19,87,402,345,113,74,22,0,23,66,41,77,0.328,.408,0.591,.999,7,6,.359,204,402,0.19154228855721392,0.10199004975124377,0.26299999999999996,Large
692446,Miguel Villarroel,440,Springfield Cardinals,2026,TEX,AA,3B,24,12,46,43,14,8,1,1,1,4,3,13,0.326,.370,0.465,.835,3,0,.448,20,46,0.2826086956521739,0.06521739130434782,0.139,Small
806191,Tai Peete,440,Springfield Cardinals,2026,TEX,AA,CF,20,21,100,94,30,24,5,1,3,16,6,23,0.319,.360,0.489,.849,4,2,.397,46,100,0.23,0.06,0.16999999999999998,Large
800305,Jesús  Báez,440,Springfield Cardinals,2026,TEX,AA,SS,21,59,257,234,74,48,10,0,25,68,10,41,0.316,.354,0.679,1.033,3,2,.282,159,257,0.15953307392996108,0.038910505836575876,0.36300000000000004,Large
814413,Ian Petrutz,440,Springfield Cardinals,2026,TEX,AA,LF,23,7,27,27,8,4,1,1,2,11,0,6,0.296,.296,0.63,.926,0,0,.316,17,27,0.2222222222222222,0.0,0.334,Small
802469,Travis Honeyman,440,Springfield Cardinals,2026,TEX,AA,RF,24,71,296,256,72,50,5,2,8,30,33,49,0.281,.375,0.41,.785,25,5,.320,105,296,0.16554054054054054,0.11148648648648649,0.12899999999999995,Large
811765,Deniel Ortiz,440,Springfield Cardinals,2026,TEX,AA,3B,21,62,266,215,60,37,12,0,10,41,40,49,0.279,.392,0.474,.866,9,4,.309,102,266,0.18421052631578946,0.15037593984962405,0.19499999999999995,Large
702331,Noah Mendlinger,440,Springfield Cardinals,2026,TEX,AA,2B,25,43,199,159,44,25,10,0,2,26,32,18,0.277,.402,0.377,.779,2,4,.294,60,199,0.09045226130653267,0.16080402010050251,0.09999999999999998,Large
692390,Jose Cordoba,440,Springfield Cardinals,2026,TEX,AA,RF,23,9,36,33,9,8,1,0,4,7,2,6,0.273,.314,0.667,.981,2,0,.217,22,36,0.16666666666666666,0.05555555555555555,0.394,Small
800231,Won-Bin Cho,440,Springfield Cardinals,2026,TEX,AA,RF,22,54,221,184,50,34,9,0,12,35,35,45,0.272,.389,0.516,.905,7,3,.297,95,221,0.20361990950226244,0.1583710407239819,0.244,Large
693832,Tre Richardson III,440,Springfield Cardinals,2026,TEX,AA,2B,24,59,241,212,57,48,10,0,8,24,27,61,0.269,.357,0.429,.786,22,2,.343,91,241,0.25311203319502074,0.11203319502074689,0.15999999999999998,Large
701481,Ryan Campos,440,Springfield Cardinals,2026,TEX,AA,C,23,111,477,394,102,69,19,0,12,60,69,111,0.259,.379,0.398,.777,17,2,.327,157,477,0.23270440251572327,0.14465408805031446,0.139,Large
813668,Jack Gurevitch,440,Springfield Cardinals,2026,TEX,AA,1B,22,32,141,132,34,20,5,0,9,25,5,55,0.258,.298,0.5,.798,0,1,.362,66,141,0.3900709219858156,0.03546099290780142,0.242,Large
703766,Dakota Harris,440,Springfield Cardinals,2026,TEX,AA,3B,24,100,394,343,87,58,13,2,12,61,43,82,0.254,.341,0.408,.749,28,3,.298,140,394,0.20812182741116753,0.10913705583756345,0.15399999999999997,Large
800840,Chase Heath,440,Springfield Cardinals,2026,TEX,AA,DH,22,6,21,20,5,2,0,0,0,0,1,7,0.25,.286,0.25,.536,1,0,.385,5,21,0.3333333333333333,0.047619047619047616,0.0,Very small
692405,Jeremy Rivas,440,Springfield Cardinals,2026,TEX,AA,SS,23,37,143,122,30,20,5,0,5,22,16,31,0.246,.343,0.41,.753,11,1,.284,50,143,0.21678321678321677,0.11188811188811189,0.16399999999999998,Large
822501,Jon Jon Gazdar,440,Springfield Cardinals,2026,TEX,AA,2B,24,91,398,333,80,48,13,0,8,45,44,50,0.24,.348,0.351,.699,13,0,.256,117,398,0.12562814070351758,0.11055276381909548,0.11099999999999999,Large
828824,Josiah Ragsdale,440,Springfield Cardinals,2026,TEX,AA,CF,22,30,141,117,28,25,4,1,5,14,19,36,0.239,.355,0.419,.774,6,0,.295,49,141,0.2553191489361702,0.1347517730496454,0.18,Large
690971,Chase Davis,440,Springfield Cardinals,2026,TEX,AA,CF,24,37,156,130,30,24,4,0,8,24,26,38,0.231,.359,0.446,.805,9,1,.262,58,156,0.24358974358974358,0.16666666666666666,0.215,Large
692568,Miguel Ugueto,440,Springfield Cardinals,2026,TEX,AA,CF,23,78,334,306,69,43,20,3,5,37,15,66,0.225,.278,0.359,.637,24,6,.268,110,334,0.19760479041916168,0.04491017964071856,0.13399999999999998,Large
804241,Zach Levenson,440,Springfield Cardinals,2026,TEX,AA,LF,24,86,343,291,64,39,15,0,11,41,44,88,0.22,.330,0.385,.715,3,2,.273,112,343,0.2565597667638484,0.1282798833819242,0.165,Large
701800,Carlos Linarez,440,Springfield Cardinals,2026,TEX,AA,1B,24,13,44,41,9,5,3,0,0,5,2,17,0.22,.273,0.293,.566,3,0,.375,12,44,0.38636363636363635,0.045454545454545456,0.07299999999999998,Small
813852,Trey Paige,440,Springfield Cardinals,2026,TEX,AA,1B,25,62,250,207,44,26,10,1,5,29,37,59,0.213,.336,0.343,.679,15,3,.267,71,250,0.236,0.148,0.13000000000000003,Large
815104,Graysen Tarlow,440,Springfield Cardinals,2026,TEX,AA,DH,24,35,135,113,24,14,6,0,4,15,16,36,0.212,.326,0.372,.698,4,0,.267,42,135,0.26666666666666666,0.11851851851851852,0.16,Large
801187,Chase Adkison,440,Springfield Cardinals,2026,TEX,AA,1B,26,5,18,17,3,2,2,0,1,2,0,3,0.176,.167,0.471,.638,0,0,.143,8,18,0.16666666666666666,0.0,0.295,Very small
663457,Lars Nootbaar,440,Springfield Cardinals,2026,TEX,AA,LF,28,4,17,12,2,1,1,0,0,1,5,2,0.167,.412,0.25,.662,0,0,.200,3,17,0.11764705882352941,0.29411764705882354,0.08299999999999999,Very small
700720,Luis Pino,440,Springfield Cardinals,2026,TEX,AA,RF,22,6,24,20,2,4,0,0,0,2,4,7,0.1,.250,0.1,.350,0,0,.154,2,24,0.2916666666666667,0.16666666666666666,0.0,Very small
813852,Trey Paige,235,Memphis Redbirds,2026,INT,AAA,1B,25,14,59,53,18,10,2,2,2,12,5,8,0.34,.407,0.566,.973,1,0,.372,30,59,0.13559322033898305,0.0847457627118644,0.22599999999999992,Moderate
663494,Bryan Torres,235,Memphis Redbirds,2026,INT,AAA,2B,28,36,166,128,43,24,10,1,2,16,29,25,0.336,.454,0.477,.931,10,2,.390,61,166,0.15060240963855423,0.1746987951807229,0.14099999999999996,Large
677592,Everson Pereira,235,Memphis Redbirds,2026,INT,AAA,CF,25,3,11,9,3,1,0,0,0,1,2,4,0.333,.455,0.333,.788,0,0,.600,3,11,0.36363636363636365,0.18181818181818182,0.0,Very small
691458,Blaze Jordan,235,Memphis Redbirds,2026,INT,AAA,3B,23,57,252,230,72,37,19,1,11,35,19,29,0.313,.373,0.548,.921,2,2,.321,126,252,0.11507936507936507,0.07539682539682539,0.23500000000000004,Large
804241,Zach Levenson,235,Memphis Redbirds,2026,INT,AAA,RF,24,15,67,61,19,12,3,0,5,19,5,18,0.311,.373,0.607,.980,0,0,.368,37,67,0.26865671641791045,0.07462686567164178,0.296,Moderate
693409,César Prieto,235,Memphis Redbirds,2026,INT,AAA,2B,27,85,360,319,99,49,22,1,12,46,25,46,0.31,.367,0.498,.865,6,2,.323,159,360,0.12777777777777777,0.06944444444444445,0.188,Large
815104,Graysen Tarlow,235,Memphis Redbirds,2026,INT,AAA,C,24,14,51,43,13,10,4,0,0,7,5,6,0.302,.373,0.395,.768,1,0,.333,17,51,0.11764705882352941,0.09803921568627451,0.09300000000000003,Moderate
699625,Jimmy Crooks,235,Memphis Redbirds,2026,INT,AAA,C,24,52,236,190,57,46,7,0,15,38,39,67,0.3,.432,0.574,1.006,2,0,.385,109,236,0.2838983050847458,0.1652542372881356,0.27399999999999997,Large
680636,Ramon Mendoza,235,Memphis Redbirds,2026,INT,AAA,3B,25,115,463,405,118,68,28,2,9,50,49,85,0.291,.380,0.437,.817,2,1,.350,177,463,0.183585313174946,0.10583153347732181,0.14600000000000002,Large
702331,Noah Mendlinger,235,Memphis Redbirds,2026,INT,AAA,2B,25,74,255,214,61,25,10,2,2,24,29,32,0.285,.387,0.379,.766,1,1,.324,81,255,0.12549019607843137,0.11372549019607843,0.09400000000000003,Large
699024,Leo Bernal,235,Memphis Redbirds,2026,INT,AAA,C,22,101,432,374,104,67,19,2,16,77,51,86,0.278,.363,0.468,.831,9,7,.318,175,432,0.19907407407407407,0.11805555555555555,0.19,Large
807742,Colton Ledbetter,235,Memphis Redbirds,2026,INT,AAA,RF,24,113,477,427,115,77,23,3,13,55,42,131,0.269,.338,0.429,.767,26,6,.355,183,477,0.2746331236897275,0.0880503144654088,0.15999999999999998,Large
695336,Thomas Saggese,235,Memphis Redbirds,2026,INT,AAA,SS,24,55,249,213,55,35,10,0,10,33,26,56,0.258,.340,0.446,.786,9,1,.296,95,249,0.2248995983935743,0.10441767068273092,0.188,Large
695491,Joshua Báez,235,Memphis Redbirds,2026,INT,AAA,CF,23,103,461,410,105,79,22,3,34,90,37,136,0.256,.328,0.573,.901,21,3,.290,235,461,0.2950108459869848,0.08026030368763558,0.31699999999999995,Large
689288,Matt Koperniak,235,Memphis Redbirds,2026,INT,AAA,RF,28,54,210,186,47,21,5,1,3,33,20,36,0.253,.324,0.339,.663,4,2,.293,63,210,0.17142857142857143,0.09523809523809523,0.08600000000000002,Large
690914,Brody Moore,235,Memphis Redbirds,2026,INT,AAA,SS,25,93,351,307,77,30,16,0,1,36,30,63,0.251,.317,0.313,.630,16,7,.304,96,351,0.1794871794871795,0.08547008547008547,0.062,Large
663457,Lars Nootbaar,235,Memphis Redbirds,2026,INT,AAA,LF,28,6,23,20,5,5,0,0,2,6,3,3,0.25,.348,0.55,.898,0,0,.200,11,23,0.13043478260869565,0.13043478260869565,0.30000000000000004,Very small
676632,Bligh Madris,235,Memphis Redbirds,2026,INT,AAA,1B,30,93,378,313,78,65,18,0,16,61,55,82,0.249,.363,0.46,.823,5,3,.283,144,378,0.21693121693121692,0.1455026455026455,0.21100000000000002,Large
703766,Dakota Harris,235,Memphis Redbirds,2026,INT,AAA,2B,24,19,62,54,13,8,5,0,2,7,5,14,0.241,.311,0.444,.755,2,1,.282,24,62,0.22580645161290322,0.08064516129032258,0.203,Moderate
687363,Victor Scott II,235,Memphis Redbirds,2026,INT,AAA,CF,25,57,249,219,52,45,11,3,2,17,22,47,0.237,.320,0.342,.662,23,2,.292,75,249,0.18875502008032127,0.08835341365461848,0.10500000000000004,Large
692446,Miguel Villarroel,235,Memphis Redbirds,2026,INT,AAA,2B,24,12,35,30,7,4,2,0,0,2,4,13,0.233,.343,0.3,.643,1,0,.412,9,35,0.37142857142857144,0.11428571428571428,0.06699999999999998,Small
692405,Jeremy Rivas,235,Memphis Redbirds,2026,INT,AAA,SS,23,27,104,86,20,13,2,0,1,11,16,28,0.233,.356,0.291,.647,3,0,.328,25,104,0.2692307692307692,0.15384615384615385,0.05799999999999997,Large
676369,Nelson Velázquez,235,Memphis Redbirds,2026,INT,AAA,LF,27,40,163,138,32,21,5,0,7,22,22,48,0.232,.344,0.42,.764,4,0,.298,58,163,0.294478527607362,0.13496932515337423,0.18799999999999997,Large
650968,Yohel Pozo,235,Memphis Redbirds,2026,INT,AAA,C,29,21,86,83,19,10,4,0,3,8,3,15,0.229,.256,0.386,.642,0,0,.246,32,86,0.1744186046511628,0.03488372093023256,0.157,Moderate
690971,Chase Davis,235,Memphis Redbirds,2026,INT,AAA,RF,24,50,200,175,40,20,6,1,6,30,22,52,0.229,.315,0.377,.692,4,1,.286,66,200,0.26,0.11,0.148,Large
602104,Ramón Urías,235,Memphis Redbirds,2026,INT,AAA,3B,32,16,52,49,9,5,1,0,2,6,2,17,0.184,.231,0.327,.558,1,0,.233,16,52,0.3269230769230769,0.038461538461538464,0.14300000000000002,Moderate
669357,Nolan Gorman,235,Memphis Redbirds,2026,INT,AAA,3B,26,46,201,165,30,30,2,0,13,29,35,73,0.182,.328,0.43,.758,1,0,.215,71,201,0.36318407960199006,0.17412935323383086,0.248,Large
647378,Andy Yerzy,235,Memphis Redbirds,2026,INT,AAA,C,27,39,134,118,17,10,3,0,2,9,15,39,0.144,.239,0.22,.459,0,0,.192,26,134,0.291044776119403,0.11194029850746269,0.07600000000000001,Large
701675,Nathan Church,235,Memphis Redbirds,2026,INT,AAA,CF,25,3,11,11,1,1,0,0,1,1,0,2,0.091,.091,0.364,.455,0,0,.000,4,11,0.18181818181818182,0.0,0.273,Very small
690443,Mike Antico,235,Memphis Redbirds,2026,INT,AAA,LF,28,6,22,20,1,1,1,0,0,0,2,8,0.05,.136,0.1,.236,0,0,.083,2,22,0.36363636363636365,0.09090909090909091,0.05,Very small
693832,Tre Richardson III,443,Peoria Chiefs,2026,MID,A+,2B,24,31,122,104,36,33,5,1,11,31,15,35,0.346,.434,0.731,1.165,12,1,.424,76,122,0.28688524590163933,0.12295081967213115,0.385,Large
823787,Rainiel Rodriguez,443,Peoria Chiefs,2026,MID,A+,C,19,28,128,106,33,23,8,1,4,21,19,24,0.311,.430,0.519,.949,4,1,.372,55,128,0.1875,0.1484375,0.20800000000000002,Large
692446,Miguel Villarroel,443,Peoria Chiefs,2026,MID,A+,2B,24,17,68,58,18,12,3,0,2,14,8,19,0.31,.412,0.466,.878,4,2,.432,27,68,0.27941176470588236,0.11764705882352941,0.15600000000000003,Moderate
813668,Jack Gurevitch,443,Peoria Chiefs,2026,MID,A+,1B,22,59,273,242,73,41,11,1,17,43,24,75,0.302,.375,0.566,.941,7,2,.371,137,273,0.27472527472527475,0.08791208791208792,0.26399999999999996,Large
806191,Tai Peete,443,Peoria Chiefs,2026,MID,A+,CF,20,42,200,180,54,37,14,6,10,39,20,57,0.3,.370,0.611,.981,11,6,.389,110,200,0.285,0.1,0.311,Large
803679,Sammy Hernandez,443,Peoria Chiefs,2026,MID,A+,C,22,65,253,204,57,38,18,0,11,35,43,47,0.279,.411,0.529,.940,21,5,.311,108,253,0.1857707509881423,0.16996047430830039,0.25,Large
814413,Ian Petrutz,443,Peoria Chiefs,2026,MID,A+,LF,23,51,207,180,50,35,12,1,4,29,16,31,0.278,.355,0.422,.777,8,5,.315,76,207,0.1497584541062802,0.07729468599033816,0.14399999999999996,Large
800231,Won-Bin Cho,443,Peoria Chiefs,2026,MID,A+,CF,22,56,233,193,52,37,14,2,8,39,37,58,0.269,.395,0.487,.882,23,6,.346,94,233,0.24892703862660945,0.15879828326180256,0.21799999999999997,Large
829670,Brayden Smith,443,Peoria Chiefs,2026,MID,A+,2B,22,24,101,92,24,13,7,1,3,10,8,33,0.261,.327,0.457,.784,4,2,.375,42,101,0.32673267326732675,0.07920792079207921,0.196,Large
699027,José Suárez,443,Peoria Chiefs,2026,MID,A+,RF,21,95,391,360,93,52,21,2,10,47,19,122,0.258,.309,0.411,.720,26,6,.359,148,391,0.31202046035805625,0.04859335038363171,0.15299999999999997,Large
811339,Josh Kross,443,Peoria Chiefs,2026,MID,A+,1B,23,86,375,329,83,53,18,2,13,38,41,94,0.252,.341,0.438,.779,0,0,.314,144,375,0.25066666666666665,0.10933333333333334,0.186,Large
703602,Jalin Flores,443,Peoria Chiefs,2026,MID,A+,SS,22,113,492,447,112,69,27,4,17,84,31,133,0.251,.309,0.443,.752,7,2,.315,198,492,0.2703252032520325,0.06300813008130081,0.192,Large
800266,Yordalin Peña,443,Peoria Chiefs,2026,MID,A+,CF,21,19,77,72,18,12,6,0,4,9,3,25,0.25,.299,0.5,.799,2,1,.326,36,77,0.3246753246753247,0.03896103896103896,0.25,Moderate
800305,Jesús  Báez,443,Peoria Chiefs,2026,MID,A+,SS,21,54,243,219,54,38,11,0,14,41,18,39,0.247,.300,0.489,.789,5,3,.234,107,243,0.16049382716049382,0.07407407407407407,0.242,Large
700720,Luis Pino,443,Peoria Chiefs,2026,MID,A+,LF,22,42,165,139,34,23,11,1,4,14,24,39,0.245,.358,0.424,.782,6,1,.309,59,165,0.23636363636363636,0.14545454545454545,0.179,Large
809633,Michael Dattalo,443,Peoria Chiefs,2026,MID,A+,3B,22,50,197,175,41,20,6,0,1,23,14,36,0.234,.310,0.286,.596,1,1,.286,50,197,0.18274111675126903,0.07106598984771574,0.05199999999999996,Large
699031,Anyelo Encarnación,443,Peoria Chiefs,2026,MID,A+,SS,22,70,263,218,51,38,8,2,9,34,37,84,0.234,.354,0.413,.767,18,3,.328,90,263,0.3193916349809886,0.14068441064638784,0.17899999999999996,Large
802353,Christian Martin,443,Peoria Chiefs,2026,MID,A+,LF,23,31,118,100,23,19,5,0,0,6,14,35,0.23,.342,0.28,.622,6,3,.354,28,118,0.2966101694915254,0.11864406779661017,0.05000000000000002,Large
801130,Alex Birge,443,Peoria Chiefs,2026,MID,A+,C,23,7,28,22,5,4,2,0,0,3,5,9,0.227,.357,0.318,.675,2,0,.357,7,28,0.32142857142857145,0.17857142857142858,0.091,Small
801629,Cade McGee,443,Peoria Chiefs,2026,MID,A+,C,23,86,363,291,64,59,16,1,14,44,48,93,0.22,.366,0.426,.792,7,2,.267,124,363,0.256198347107438,0.1322314049586777,0.206,Large
800728,Cameron Nickens,443,Peoria Chiefs,2026,MID,A+,LF,22,42,164,143,31,20,6,0,4,20,16,53,0.217,.299,0.343,.642,3,3,.303,49,164,0.3231707317073171,0.0975609756097561,0.12600000000000003,Large
821299,Caden Ferraro,443,Peoria Chiefs,2026,MID,A+,LF,21,21,85,74,16,8,3,1,3,12,9,19,0.216,.306,0.405,.711,0,1,.245,30,85,0.2235294117647059,0.10588235294117647,0.18900000000000003,Moderate
692390,Jose Cordoba,443,Peoria Chiefs,2026,MID,A+,CF,23,42,156,141,29,16,4,1,1,14,9,35,0.206,.277,0.27,.547,9,2,.267,38,156,0.22435897435897437,0.057692307692307696,0.06400000000000003,Large
824713,Andrew Williamson,443,Peoria Chiefs,2026,MID,A+,DH,20,20,88,74,14,14,2,0,5,14,10,26,0.189,.295,0.419,.714,3,2,.200,31,88,0.29545454545454547,0.11363636363636363,0.22999999999999998,Moderate
805550,Ryan Weingartner,443,Peoria Chiefs,2026,MID,A+,3B,21,15,52,44,8,2,2,0,0,2,8,13,0.182,.308,0.227,.535,3,0,.258,10,52,0.25,0.15384615384615385,0.04500000000000001,Moderate
803124,Tristan Bissetta,443,Peoria Chiefs,2026,MID,A+,RF,23,19,81,72,13,10,3,0,3,12,8,32,0.181,.259,0.347,.606,3,0,.263,25,81,0.3950617283950617,0.09876543209876543,0.16599999999999998,Moderate
821107,Yairo Padilla,443,Peoria Chiefs,2026,MID,A+,SS,19,4,16,14,2,1,0,0,1,1,2,5,0.143,.250,0.357,.607,0,0,.125,5,16,0.3125,0.125,0.214,Very small
812430,Heriberto Caraballo,443,Peoria Chiefs,2026,MID,A+,C,21,3,11,11,1,1,1,0,0,0,0,6,0.091,.091,0.182,.273,0,0,.200,2,11,0.5454545454545454,0.0,0.091,Very small
800840,Chase Heath,443,Peoria Chiefs,2026,MID,A+,C,22,3,13,9,0,0,0,0,0,1,3,2,0.0,.231,0.0,.231,0,0,.000,0,13,0.15384615384615385,0.23076923076923078,0.0,Very small
